User ID,Predicted User Category,Recommended News Category,Recommended Article
U4058,user_3,Crime,Prisoner Takes Down Fellow Inmate During Vicious Attack On Officer
U1118,user_1,Entertainment,Gwyneth Paltrow Shines In Mermaid Dress At Environmental Media Awards
U6555,user_1,Entertainment,Laverne Cox Wants To Reframe Narrative Around Transgender Rights With New Project
U9170,user_1,Entertainment,The Trailer For Netflix's 'Richie Rich' Reboot Is Here
U3348,user_1,Entertainment,Khloe Kardashian Is Looking For A Cuddle Buddy
U2244,user_3,Crime,New York Police Link Hate Crime Surge To Presidential Campaign
U3022,user_3,Crime,Baltimore Cop Accused Of Planting Drugs In Body Cam Video Indicted
U5291,user_1,Entertainment,John Oliver Is Suddenly Very Angry About 1 Key Point In The ‘Da Vinci Code'
U1945,user_3,Crime,Group Files Complaint Against Judge Who Sentenced Man To Marry Girlfriend
U6084,user_3,Crime,Florida Cop Accused Of Stealing Money From DUI Suspects
U3714,user_2,Education,A Plan For Education
U0498,user_2,Education,Kids First! Be a #KidVoter
U4264,user_3,Crime,1-Month-Old's Face Mauled By Ferrets In Philadelphia Home
U8953,user_1,Entertainment,Emma Stone Debuts Oscar-Worthy Britney Spears Impression For Vogue's 73 Questions
U3285,user_3,Crime,Donations Pour In For Missouri Man Freed After 43 Years Of Wrongful Imprisonment
U0969,user_2,Education,"An Interview with a Revolutionary, Professor Peter McLaren"
U0173,user_3,Crime,"Car Flips 4 Stories From Parking Garage, Driver Escapes Without Serious Injuries"
U9103,user_1,Entertainment,'Anchorman 2' Gag Reel Might Just Be The Best Part Of The Movie
U8708,user_3,Crime,"Hannah Truelove Case: Cops Seek Suspect, Vehicle In Violent Murder As Dad, Jeff, Speaks Out"
U3330,user_2,Education,Girls Reportedly Bleeding Through Pants Due To Charter School Bathroom Policy
U3257,user_1,Entertainment,Tom Hiddleston Swears Taylor Swift Romance Was Legit
U1008,user_1,Entertainment,You Are Going To Want To Listen To Lisa Loeb Sing 'This Old Man'
U4124,user_2,Education,How Recent Grads Can Avoid The Most Common Entry-Level Mistakes
U9836,user_2,Education,Taking Control Of You and Your Journey
U2898,user_1,Entertainment,Channing Tatum Fangirling Over Simone Biles Is The Sweetest Thing You'll See Today
U4765,user_1,Entertainment,Katy Perry & John Mayer Got Cozy At A Grateful Dead Concert
U2663,user_2,Education,What If You Could Learn Like a Jedi
U4905,user_3,Crime,"Sandusky Trial: Molestation Case Against Former Coach Still Anyone's Game, Lawyer Says"
U0669,user_3,Crime,"Woman Beats Cancer, Dies Falling From Horse"
U0607,user_2,Education,The Simple Way A Growing Number Of States Are Hoping To Improve Kids' Brains
U1623,user_3,Crime,2 University Students Shot Dead At House Party
U9607,user_3,Crime,A Deadly Secret: States Refuse to Share the Source of Lethal Injection Drugs in Executions
U6362,user_1,Entertainment,Fleetwood Mac's Lindsey Buckingham And Christine McVie Are Working On A Duets Album
U1527,user_3,Crime,"Driver Cuts Off Motorcyclist, Gets Exactly What She Deserves"
U1000,user_3,Crime,Kelly Armstrong Case: Victim's Family Claims Victory With Murder Charge Against Travis Funke
U6935,user_1,Entertainment,Miles Teller Doing OK After Bronco Flips Over In Car Crash
U8493,user_3,Crime,"Man Trying To 'Enter Time Portal' Crashes Speeding Car Into Store, Cops Say"
U6577,user_3,Crime,Florida Extends 'Stand Your Ground' To Cover Warning Shots
U8473,user_1,Entertainment,The Next 'Jurassic World' Movie Has A Title
U7151,user_2,Education,Director Of Christian Organization Calls On Christians To Support Public Schools
U9112,user_1,Entertainment,Kate McKinnon Breaks Silence On Reason Behind 'SNL' Exit: 'My Body Was Tired'
U8515,user_2,Education,Encouraging the Discouraged Reader
U8666,user_1,Entertainment,What The Cast Of 'Big Hero 6' Looks Like In Real Life
U4856,user_3,Crime,Movie Theater Prank Frightens Many And Injures 3 In California
U4061,user_1,Entertainment,Ed Skrein Turns Down 'Hellboy' Role To Prevent Whitewashing
U4254,user_1,Entertainment,'Varsity Blues' Reunion Shows The Ol' Team Spirit
U7040,user_1,Entertainment,"Entertaining Violence: A Day of Blood, Guts, and Guns, All for Fun!"
U1720,user_1,Entertainment,Linda From Purchasing Chats 'Extreme' New 'Orange Is The New Black' Season
U2202,user_2,Education,"Let's Talk About Teacher Retention, Not Tenure"
U8311,user_2,Education,Why Don't We Have Family Leave Policies for High School Students?
U8058,user_1,Entertainment,"Tom Petty Died Of Accidental Drug Overdose, Family Reveals"
U1905,user_1,Entertainment,The 'Star Wars' Instagram Account Just Released Some Sick New Footage
U4034,user_1,Entertainment,"Question to Trump: ""Have You No Sense of Decency, Sir?"""
U4410,user_2,Education,Reclaim the Promise of Brown v. Board
U8256,user_2,Education,How Praise Became A Consolation Prize
U5508,user_2,Education,I’m A Liberal Professor And My Conservative Students Terrify Me
U7166,user_3,Crime,Oregon College Shooter Identified As Chris Harper Mercer
U1671,user_2,Education,Should Teachers Stop Fighting for Tenure?
U6019,user_1,Entertainment,The One Weird Detail In 'Dracula' That You Completely Missed
U8020,user_3,Crime,2 Miami Police Officers Shot In Ambush-Style Attack
U1873,user_2,Education,How A Betsy DeVos Department Of Education Could Lead To A Massive Transfer Of Public Funds Into The Private Sector
U2806,user_3,Crime,Temp Worker Charged In Meat Cleaver Attack On Restaurant Owners Who Offered Him A Job
U1478,user_2,Education,Set To Stun
U8504,user_2,Education,Playful Learning and Rigorous Assessment: Can We Level-Up the Common Core?
U1698,user_2,Education,The Global Search for Education: The Tech Report - From Australia
U9223,user_1,Entertainment,Shaquille O'Neal Doesn't Know Who The Queen Of England Is
U0511,user_2,Education,What If You Could Learn Like a Jedi
U3008,user_2,Education,The Death of Liberal Arts? Or the Reunion of Broken Parts
U0237,user_3,Crime,'Vampire Vet' Kept Dog Alive In Filthy Cage After Telling Owners He Was Dead
U3600,user_2,Education,"New Course Leads To Big Gains In Number Of Girls, Minorities Taking AP Computer Science Exams"
U7571,user_2,Education,Education Reformers Are So Gullible
U7168,user_2,Education,Suggestions to High School Students for Reading Shakespeare –- Part 1
U4313,user_2,Education,The Global Search for Education:  Just Imagine  - Tony Wagner and Ted Dintersmith
U8192,user_2,Education,"White Dads, Black Kids: Living Diversity in an Independent School"
U4045,user_1,Entertainment,Watch Jamie Lynn Spears Surprise Britney At The Radio Disney Awards
U8896,user_2,Education,Making School Reform a True Civil Rights Movement
U6964,user_2,Education,8 Ways Blended Learning Changes the Game
U0853,user_3,Crime,Jeffrey Pyne Trial: 911 Calls About Death Of Ruth Pyne Played For Jury
U1139,user_2,Education,"If Charter Schools Don’t Reject This Doctrine, They’ll Cease To Be Labs of Innovation"
U9047,user_1,Entertainment,This 19 Song Music Mashup Will Make It Seem Like Summer Again
U1161,user_1,Entertainment,EXCLUSIVE: BET Responds After Coming Under Fire from Journalists and Publicists
U1381,user_3,Crime,Video Shows Man Who Sexually Assaulted 4-Year-Old Get Attacked By Inmate
U2188,user_1,Entertainment,Disney's Live-Action 'Aladdin' May Feature Middle Eastern Actors
U4177,user_2,Education,Safety Is A Top Concern For Indian Students Admitted To US Schools For Fall: Report
U6676,user_1,Entertainment,Tom Hanks: Trump's 'Guerrilla War' On Press Could Lead To 'Very Scary Territory'
U3000,user_3,Crime,"Couple Ordered To Pay Enslaved Nanny $121,000 After 2 Years Of Work"
U5791,user_3,Crime,"Man Hits Red-Light Camera, Drives Off With It, Police Say"
U9001,user_1,Entertainment,Buckminster Fuller's Vision of a World That Works for Everyone
U5131,user_3,Crime,"Teen Made Up Clown Attack To Avoid Being Fired For Lateness, Police Say"
U4675,user_2,Education,Want A Better Future? Teach Evidence And Empathy!
U1283,user_3,Crime,Man Accused Of Shooting And Burning 2 People After Refusing To Pay Cab Fare
U1495,user_3,Crime,Reconsidering Life Sentences for Juveniles Who Kill
U6767,user_2,Education,Robert Putnam's Our Kids and Reclaiming the American Dream
U5514,user_1,Entertainment,"Yes, World, Kim Kardashian Is A Beyoncé Fan. Can She Live?"
U2970,user_1,Entertainment,John Oliver Has A New Theory For Why Donald Trump Won The Election
U9354,user_2,Education,A Classroom Of Tomorrow
U6785,user_1,Entertainment,Anna Faris And Chris Pratt's Son Is The Cutest Little Captain At Seattle Parade
U6305,user_3,Crime,The High-Stakes Insider Trading Trial of Mathew Martoma
U5549,user_1,Entertainment,You Won't Be Hearing Trump's Name In The New Season Of 'Broad City'
U6070,user_1,Entertainment,'Goosebumps' Scares Away Competition At The Box Office
U9277,user_2,Education,Is Federal Loan Consolidation for You?
U1090,user_2,Education,"Despite GOP Attacks, Parents Are Pretty Happy With Their Kids' Schools, Poll Finds"
U8223,user_3,Crime,FBI Fires Shots During Raid Of Maryland Home Of Emory Hughley
U5799,user_1,Entertainment,"Grammys Awards Live: Frank Ocean, fun., Mumford & Sons And More Join For Music's Biggest Night (LIVE UPDATES)"
U3355,user_2,Education,Charter Schools Are Scamming The Public With Talk About 'School Choice'
U0964,user_2,Education,Why I Encourage Failure in STEM:  One Teacher's Experience in Finding Female Leaders in STEM
U6130,user_3,Crime,Kosciuszko Park Gang Rape: 2 Women Allegedly Assaulted By Nearly A Dozen Juveniles
U1693,user_1,Entertainment,'Daily Show' Mocks Conservative Media With Montage Of 'Worst Joe Biden Scandals'
U6543,user_3,Crime,Nevada Man Gets 4 Years For Scams Using Fake Trump And Biden PACS
U6949,user_1,Entertainment,The Red Wedding Might've Been Even Sadder Than You Thought
U8004,user_3,Crime,Oklahoma Labor Commissioner Slain In Restaurant
U8706,user_1,Entertainment,"Haim Isn't A 'Girl Band,' So Don't Call Them That"
U1757,user_1,Entertainment,"Beyoncé Performs At School Fundraiser, Proves She's Cooler Than Your Mom"
U3993,user_1,Entertainment,"Jackie Chan Says 'Rush Hour 4' In The Works, Though He Wants To Expand His Range"
U1322,user_2,Education,Times Editorial Hypes Charter Schools
U2352,user_1,Entertainment,Johnnyswim Gets Personal About Loss In New Song 'Let It Matter'
U2354,user_2,Education,DeVos Department Stacks Negotiations Deck With For-Profit College Lawyers
U7417,user_2,Education,The Global Search for Education: Oppi-tunities for Parents
U6403,user_3,Crime,Police Arrest Suspect In Road Rage Slaying Of 4-Year-Old Girl
U7693,user_1,Entertainment,'SNL' Imagines How 'Avengers: Age Of Ultron' Ends
U6289,user_3,Crime,"Irate Hotel Guest Crashes Truck Through Lobby, Nearly Crushing Staff"
U9485,user_2,Education,Do You Really Know What the Common Core Is?
U2029,user_3,Crime,"""If He Really Stalked Her, Why Isn't She Crying?"""
U2079,user_3,Crime,FBI Hunts 'Spelling Bee Bandit' Who Hands Over 'Robery' Notes
U9148,user_1,Entertainment,John Mayer Is Ready To Treat Someone Else's Body Like A Wonderland
U0887,user_1,Entertainment,Lena Dunham's 'Scandal' Episode Looks So Good
U4301,user_2,Education,Teacher of My Heart
U0821,user_2,Education,"Literacy for All, Yes! The New Literacy"
U2483,user_1,Entertainment,'Transformers 5' Endures Franchise Low As Indies Perform Well At The Box Office
U3064,user_1,Entertainment,"10 Years Ago, Screenwriters Went On Strike And Changed Television Forever"
U7057,user_2,Education,Addressing the Student Debt Crisis: We Can Do More to Encourage Responsible Borrowing
U4644,user_2,Education,Is Early Reading a Problem?
U1896,user_1,Entertainment,"The ‘Friends' Theme Song, Performed By Your Favorite Film Characters"
U4462,user_1,Entertainment,Robert De Niro Gives Donald Trump Another Savage Nickname
U2107,user_3,Crime,Beating Death Of Transgender Man In Vermont Homeless Camp Leads To Arrests
U6516,user_3,Crime,Accused Charleston Shooter Talked About Attacking College: Friend
U2583,user_1,Entertainment,Soothe Yourself In 'This Long Haul We Call Life' With Amy Sedaris' Morning Routine
U0158,user_3,Crime,"At Least 10 Dead, More Injured, After Tornadoes, Floods And Storms Sweep Midwestern And Southern U.S."
U7976,user_1,Entertainment,Mel Gibson Sure Hopes Weinstein Misconduct Reports Are 'Precursor To Change'
U8301,user_1,Entertainment,Will Smith And Family Wear The Most Festive Christmas Outfits Ever
U7650,user_3,Crime,Officer Kills Allegedly Armed Suspect In Boston
U4134,user_1,Entertainment,"Woman Breaks Into Drake’s Home, Helps Herself To Soda And Fiji Water"
U8343,user_3,Crime,Nashville Bombing Suspect Told Neighbor: The World Will Never Forget Me
U8886,user_1,Entertainment,"More Fun Facts About 'Clueless,' As If You Needed Any More"
U5042,user_1,Entertainment,This Streaming Site Wants To Be The Netflix Of Indie Festival Films
U8081,user_3,Crime,Tina Alberson Guilty Of Causing Stepson Jonathan James' Dehydration Death
U9256,user_3,Crime,Police Struggle To Find Possible Motives For Austin Bombings
U6810,user_2,Education,Study Shows How Screen Time Can Improve Your Toddler's Reading Comprehension
U1098,user_1,Entertainment,Fans Raise Lightsabers Around The Country In Tribute To Carrie Fisher
U3336,user_1,Entertainment,Vanessa Bayer To Leave 'Saturday Night Live' After 7 Seasons
U5905,user_1,Entertainment,Milhouse Predicted Monday's Nobel Prize Winner Back In 2010
U2330,user_2,Education,DeVos Department Meeting Again Stalls Over Opposition To Livestreaming
U0929,user_2,Education,Teaching the Bible as Literature in Public High School (Part 3)
U2066,user_1,Entertainment,This Guy Is Trying to Save Matt Damon From A Life On Mars
U9542,user_2,Education,"If State Takeover Of New Orleans Schools Worked, ACT Scores Below 16 Wouldn't Be Embarrassing"
U7684,user_3,Crime,"In Fatal Shootings By Police, 1 In 5 Officers' Names Go Undisclosed"
U9902,user_2,Education,Creating a Learning Environment With MOOCs
U0254,user_1,Entertainment,Mark Hamill Posts A Perfect Tribute To Carrie Fisher One Year After Her Death
U0485,user_3,Crime,Top Aides Were Aware Of Laquan McDonald Details Months Before Emanuel Says He Knew
U8862,user_3,Crime,Georgia Executes Its Oldest Death Row Inmate For 1979 Murder
U4331,user_1,Entertainment,Tina Fey & Alec Baldwin Honor Tracy Morgan On 'SNL 40'
U5342,user_3,Crime,Trayvon Martin 7-Eleven Surveillance Video Shows Slain Teen Shortly Before He Was Killed
U6863,user_1,Entertainment,Dave Chappelle Makes Fun Of Louis C.K. Accuser In New Netflix Special
U6030,user_1,Entertainment,Appointment Of Roman Polanski As Cesar Awards President Sparks Outrage (UPDATE)
U5373,user_1,Entertainment,'Collateral Beauty' Trailer Is A Must-See
U5091,user_3,Crime,Louisiana Movie Theater Shooting Victims Identified
U7226,user_1,Entertainment,Zach Woods Is Officially The MVP Of 'Silicon Valley'
U5243,user_3,Crime,New Mexico Library Accuses Couple Of Urinating On Qurans
U0010,user_1,Entertainment,"Emerson, Lake & Palmer Co-Founder, Greg Lake, Dead At 69"
U5616,user_2,Education,"If You Have One of These Degrees, You Could Save Thousands by Refinancing Student Loans"
U8034,user_2,Education,"Is Higher Education Suffering a Crisis of Budget, Buildings or Failure to Adapt?"
U1824,user_2,Education,Teachers At A Chicago Charter School Plan To Strike On May 25
U2640,user_2,Education,PARCC: Still Trying To Hold Itself Together
U2176,user_2,Education,Teach For America’s Houston T-shirt Sale
U1074,user_3,Crime,Convicted Killer Guillermo Aillon Booted From Veterans' Cemetery
U0204,user_2,Education,Don't Call Them Dropouts
U4928,user_3,Crime,"'Hatchet Man' Suspect Could Have Ties To Murder Of Teen Hikers, Police Say"
U5512,user_3,Crime,Human Remains Found In Search For Hannah Graham
U7121,user_2,Education,"After Enrollment Dips, Public Schools Hope For Fall Rebound"
U0609,user_3,Crime,Woman Accused Of Heinous Sex Crimes Against 3-Year-Old And Dog
U7252,user_2,Education,Modern Day Activists Call it 'Historic Trauma'
U4194,user_1,Entertainment,John Mayer Reframes Gun Control Debate In 10 Thoughtful Tweets
U0546,user_2,Education,Closing the High School Graduation Gap
U5816,user_1,Entertainment,Mariska Hargitay Gets Hollywood Walk Of Fame Star
U2787,user_1,Entertainment,Even Rihanna Couldn't Handle This Fan's Version Of 'FourFiveSeconds'
U9501,user_3,Crime,Court Temporarily Blocks Release Of 'Angola 3' Inmate
U9295,user_1,Entertainment,"Debra Messing Shares Sweet Memories Of Her TV Mom, Debbie Reynolds"
U2600,user_1,Entertainment,Shannen Doherty Says Her Dog Could Detect Her Cancer Before Diagnosis
U6284,user_3,Crime,Brother Of San Bernardino Shooter Among 3 Arrested By FBI
U6527,user_2,Education,Test-Driven Teacher Evaluations Strike Out
U6034,user_2,Education,There's a Diploma for That
U6398,user_3,Crime,Burglary Suspect Found Dead After Being Tied To A Tree
U1026,user_3,Crime,Veteran Reportedly Helped Guide Dozens To Safety During Orlando Shooting
U9466,user_3,Crime,"Oscar Pistorius Is A 'Broken Man,' Psychologist Says At Sentencing"
U2114,user_2,Education,Flipping The Switch
U0595,user_1,Entertainment,Kaley Cuoco Hangs With A Horse After Divorce Announcement
U3401,user_1,Entertainment,The Obamas' First Date Was To See 'Do The Right Thing'
U8200,user_1,Entertainment,Why I'm Boycotting Movies About Men
U5527,user_1,Entertainment,Caitlyn Jenner Responds To Ricky Gervais' Golden Globes Jokes
U3453,user_1,Entertainment,'The Interview' Breaks Online Record
U4058,user_3,Crime,Mom Of Four Killed In Road Rage Incident
U8718,user_1,Entertainment,Comedian Tracy Morgan Marries Long-Time Fiancee Megan Wollover
U8509,user_2,Education,To The Woman Who Thanked Me For Being A Teacher Who Cares
U9838,user_2,Education,Do Grades Really Reflect Rigor?
U1314,user_1,Entertainment,Ashton Kutcher Disses Tabloid For Suggesting He Was Cheating On Mila Kunis
U7327,user_1,Entertainment,Director Signs On For 'Beverly Hills Cop 4'
U3607,user_1,Entertainment,Piers Morgan Complained About People Talking Politics. His Co-Host Had A Spot-On Retort.
U6548,user_3,Crime,2 Dead In NYC Home Depot Shooting
U5175,user_3,Crime,Another High Profile Murder Case In South Africa
U2229,user_2,Education,The Death of Liberal Arts? Or the Reunion of Broken Parts
U8340,user_2,Education,Make Entrepreneurship Education Your Summer School
U7008,user_2,Education,The Work of White Educators
U6710,user_2,Education,Pearson GERM in the Philippines Is a Scare Story for the Rest of the World
U5799,user_3,Crime,Report Details 'Major Shortcomings' In Baltimore Police Response To Unrest
U6854,user_3,Crime,Florida Extends 'Stand Your Ground' To Cover Warning Shots
U3302,user_1,Entertainment,Even The Most Evil ‘Game Of Thrones’ Villain Dislikes Donald Trump
U8407,user_1,Entertainment,The Second Best Exotic Marigold Hotel: A Movie Review
U3520,user_3,Crime,Janice Dickinson Says She Won't Feel 'Vindicated' Until Cosby Is Jailed
U7504,user_2,Education,"To Rewrite Obama Rules, DeVos Picks People Tied To Predatory Colleges"
U6880,user_3,Crime,The Real Prejudice Behind the Garner/Brown Decisions
U1582,user_2,Education,Edtech Investment Is at Record Levels -- Where Is All the Money Going?
U8898,user_1,Entertainment,Oscar-Winning Cinematographer Haskell Wexler Dies At 93
U7917,user_3,Crime,Police In Texas Kill Bat-Wielding Robbery Suspect Outside Head Shop
U4578,user_3,Crime,Suicides In Jails On The Rise: Report
U4363,user_2,Education,Schools Need to Prioritize Addressing Obesity in 2015
U5687,user_3,Crime,"""If He Really Stalked Her, Why Isn't She Crying?"""
U2176,user_1,Entertainment,Susan Sarandon Defends Ariana Grande's Bizarre Doughnut Licking On Twitter
U7702,user_2,Education,Our First Teachers: Moms and Education
U7986,user_2,Education,3 Tips for A Happy Financial New Year
U8166,user_2,Education,Teacher of My Heart
U1541,user_3,Crime,Taxpayer Costs For Arias' Defense Top $2.7 Million
U2484,user_3,Crime,Man Allegedly Kills 4 Puppies Belonging To Former Girlfriend
U6522,user_2,Education,Campus Sexual Assault Investigations Continue
U3744,user_3,Crime,Seattle Cop Won't Face Charges For Seriously Injuring Handcuffed Woman
U5589,user_2,Education,"On My First Friend, Kindergarten, And Diversity"
U3847,user_3,Crime,Dead Toddler's Father Pleads Insanity To Corpse Abuse
U7977,user_1,Entertainment,Britney Spears Crashes Kate Hudson's Game Night
U3321,user_2,Education,News For High Schools: Digital Media Plus Teaching Equals Support For Freedom
U8236,user_3,Crime,Judge Blocks Attempt To Halt Deposition Of Bill Cosby's Wife
U9667,user_3,Crime,Thousands Of Crime Victims Get Worrying Notices About Perpetrators
U6103,user_3,Crime,Why Hasn't Lance Armstrong Been Prosecuted?
U3055,user_3,Crime,"Man Scales Ski Lift, Frees Friend Hanging By His Neck Above The Snow"
U7023,user_1,Entertainment,Lady Gaga's 30th Birthday Party Looks Like A Star-Studded '80s Prom
U7726,user_1,Entertainment,"Disney Admits To Darkening White Actors' Skin For 'Aladdin,' Sparking Outrage"
U2368,user_1,Entertainment,Donald Glover’s ‘Guava Island’ Features New Version Of ‘This Is America’
U3026,user_2,Education,The Teacher as Expert Movement
U6327,user_2,Education,The Ultimate Demise of Common Core - Part III: The Logistics
U3383,user_1,Entertainment,Chance The Rapper Is Now Chance The Weatherman
U6834,user_1,Entertainment,Johnny Depp Talks 'The Lone Ranger' Make-Up As Tonto
U9799,user_2,Education,12 Things Teachers Think But Can't Always Say to Parents
U3225,user_2,Education,The Real Reason Students Shouldn't Sit In Class
U9268,user_3,Crime,CAUGHT ON VIDEO: Daycare Worker Kicks Toddler
U2786,user_2,Education,Separation of Church and State -- Part 2: The Tartuffe Factor
U3728,user_3,Crime,Oakland Fire Is Deadliest In U.S. Since 2003
U0633,user_2,Education,Doing It Yourself: From Independent Learning Plans to Organizing Your Instructional Path
U8527,user_2,Education,What I Learned from a College Tour: Visiting Johns Hopkins University
U6488,user_3,Crime,No Charges For Cops Who Killed Man Who Had His Hands Up
U6639,user_1,Entertainment,Julianne Hough Steals The Spotlight At AMAs
U7784,user_3,Crime,New York Man Arrested In Fatal Stabbing Of Homeless Mother And Children
U8884,user_3,Crime,5 Teens Charged In Attack On Girl At Brooklyn McDonald's
U1657,user_3,Crime,Las Vegas Soccer Field Shooting Injures 2 Women
U4141,user_1,Entertainment,Celebrities React To Bastille Day Attack With Powerful Pleas To Stop The Killing
U7665,user_1,Entertainment,Lisa Kudrow And Lady Gaga Turn 'Smelly Cat' Into The Song Of The Summer
U1246,user_2,Education,Where Do Schools Close Most Often For Weather?
U3874,user_1,Entertainment,Exclusive New Photo From 'Gone Girl'
U9742,user_1,Entertainment,'Avengers: Age Of Ultron' Meets 'The Wizard Of Oz' Is A Dream Come True
U0464,user_2,Education,3 Things You Should Know About Learning Disabilities
U6752,user_3,Crime,$2.5 Million Settlement For Family Of Inmate Who Died Of Thirst
U6482,user_3,Crime,"Savannah, Georgia Warehouse Fire Burns 5,600 Tons Of Rubber"
U3170,user_1,Entertainment,You Like Han Solo Because He’s A Scoundrel. 'Solo: A Star Wars Story' Forgot That.
U4941,user_3,Crime,Georgia Executes Its Oldest Death Row Inmate For 1979 Murder
U8212,user_1,Entertainment,Here Are The Best GIFs From The 2015 MTV VMAs
U8861,user_1,Entertainment,"Kasey Chambers, Best Americana Singer-Songwriter Since Lucinda, Nears End of Triumphant U.S. Tour"
U5189,user_3,Crime,Arrest Made In South Carolina Mall Shooting That Wounded 14 People
U5847,user_1,Entertainment,Pregnant Naya Rivera Hits The Beach In A Bikini
U5768,user_3,Crime,"'Today I Die,' Says Gang Leader Who Killed Self After Shooting Firefighter"
U9594,user_1,Entertainment,"'Modern Family' Might 'Have One More Season,' Eric Stonestreet Says"
U4114,user_1,Entertainment,That Mischievous Kid On 'AHS' Is The Son Of An O-Town Band Member
U4662,user_3,Crime,"U.S. Department Of Education Increases Fines For Violating Jeanne Clery Act Campus Safety Law To $54,789"
U1292,user_2,Education,Calif. High School Student Wins Election On Anti-Muslim 'Joke' Video
U7921,user_3,Crime,Washington Woman Believed Kidnapped For Ransom Found Dead (UPDATE)
U2532,user_2,Education,Bystander Intervention and Double Standards of Sexual Assault During Hazing
U9555,user_1,Entertainment,Carrie Fisher Explains Why She Finally Came Clean About Her Affair With Harrison Ford
U8183,user_1,Entertainment,Paul Walker's Daughter Meadow Reaches $10 Million Crash Settlement
U5126,user_1,Entertainment,Courtney Robertson Reveals 'Bachelor' Secrets
U4529,user_1,Entertainment,Feminism in Television
U6126,user_1,Entertainment,Poison Drummer Rikki Rockett Reveals He Has Oral Cancer
U6018,user_1,Entertainment,Taylor Swift Is A Goth Gatsby Fantasy On British Vogue Cover
U3928,user_3,Crime,"Reid Fontaine, Michael Jones Accused Of Sexually Abusing Cows"
U7148,user_3,Crime,Ex-NHL Goon Dale Purinton Accused Of Attacking Man In Burglary
U9834,user_2,Education,"Just Put My Degree In The Mail! -- Notre Dame And Bethune-Cookman, Class Of 2017"
U0179,user_3,Crime,Parkland School Shooter Indicted On 17 Counts Of Murder
U8267,user_2,Education,Happy Mother's Day To The Moms Who Teach
U0641,user_3,Crime,"Man Loses Job, House, Reputation After Police Wrongly Charge Him With Child Rape"
U7577,user_3,Crime,"Man Set Groomsmen's Cars, Homes On Fire After Marriage Failed: Cops"
U2103,user_2,Education,The Global Search for Education:  Our Top 12 Global Teacher Blogs - How do you balance preparation for high stakes assessments with teaching and learning in your classroom?
U3225,user_1,Entertainment,"Rock In Rio Adds Bruno Mars, Ed Sheeran and More to First American Lineup"
U2719,user_3,Crime,"Burglars Ram Truck Into Gun Store, Loot Stash Of Weapons: Police"
U8803,user_2,Education,News For High Schools: Digital Media Plus Teaching Equals Support For Freedom
U1703,user_2,Education,Why Would Learning Be the Goal of 21st Century Schools?
U7747,user_1,Entertainment,Benedict Cumberbatch Played Stephen Hawking Years Ago
U7461,user_2,Education,What My Students Think Is The Best Way to Engage Students
U2829,user_2,Education,At What Age Can You Teach a Global Mindset?
U4464,user_2,Education,"A Gay 6-Year-Old's Thank You To His First Grade Teacher, 20 Years Later"
U1102,user_2,Education,Back to the Future?
U6711,user_2,Education,Charter Schools Are Scamming The Public With Talk About 'School Choice'
U4697,user_2,Education,Resolved to Teach More Through Writing
U2018,user_3,Crime,Body Of Child Found Along Highway 'Consistent' With Missing Boy
U3689,user_1,Entertainment,That Shocking 'Walking Dead' Death Just Changed Everything
U6580,user_3,Crime,Aggressive Bystanders Thwart Carjacking
U4374,user_1,Entertainment,Ryan Murphy Apologizes To Women In Hollywood For The Industry’s Lack Of Equality
U0884,user_3,Crime,2 Miami Police Officers Shot In Ambush-Style Attack
U9990,user_2,Education,"PARCC Is Down to DC Plus Ten States, and Louisiana Isn't One of Them"
U2648,user_1,Entertainment,Celebrities Remember Zsa Zsa Gabor With Touching Notes On Social Media
U0416,user_3,Crime,Thanksgiving for Rep. Trey Radel
U1605,user_1,Entertainment,Kim And Kourtney Kardashian Are Adorable Toddlers In Halloween Throwback
U7459,user_3,Crime,"Teen Who Filmed Texas Pool Party Cop: 'When He Pulled His Gun, My Heart Dropped'"
U0288,user_3,Crime,Woman Stops Alleged Bank Robber By Crashing Into Him
U1238,user_3,Crime,Delta State University Shooter Left Apology Note Before Killings
U5213,user_2,Education,"In Texas, Your Child's Sleep Depends On Your School District"
U2324,user_2,Education,Study Shows How Screen Time Can Improve Your Toddler's Reading Comprehension
U5917,user_1,Entertainment,"13 Things You Need To Know About Hollywood's New It Girl, Alicia Vikander"
U1468,user_1,Entertainment,Mark Hamill And Billie Lourd Sweetly Celebrate Carrie Fisher's Grammy Win
U7498,user_3,Crime,Sharp-Eyed California Bus Driver Saves Boy Kidnapped From Library
U6710,user_3,Crime,Dylann Roof Gets Permission To Represent Himself At Trial
U0355,user_2,Education,California's Early Learning Momentum Goes on
U9436,user_1,Entertainment,Avril Lavigne And Chad Kroeger Hang At Pre-Grammys Party
U6093,user_3,Crime,Judge Approves Prosecution Deal For Jeffrey Epstein Prison Guards
U4649,user_3,Crime,Man Accused Of Choking Woman Unconscious Takes Plea Deal For No Jail Time
U8382,user_2,Education,Why I Wrote a Novel About Tenure
U7644,user_3,Crime,This Law Lets Abused Animals Get Their Own Advocates In Court
U7831,user_1,Entertainment,Everyone's Favorite Superhero Family Is Back In 'The Incredibles 2' Teaser
U4932,user_1,Entertainment,Pregnant Kourtney Kardashian Rocks A Tight LBD
U4024,user_3,Crime,"Nicole Houde, Former Miss New Hampshire, Arrested After Alleged Assault (PHOTOS)"
U5260,user_2,Education,Can Online Fundraisers Save Struggling Schools?
U1695,user_2,Education,The Real Future Economy
U9940,user_2,Education,The Global Search for Education:  With the World in Mind
U9488,user_3,Crime,Mom Fights Off Mountain Lion After It Attacks Her 5-Year-Old Son
U5808,user_3,Crime,Police Search For Gunman Who Killed 5 At Mall In Washington State
U0109,user_3,Crime,Search For Country Music Singer Heats Up After Friend Found Dead
U3661,user_1,Entertainment,Someone Tried To Burn Down The Kardashians' Dash Store Because Nothing Is Sacred
U7302,user_3,Crime,Two West Virginia Towns Evacuated After Oil Train Explodes In Fiery Derailment
U3861,user_3,Crime,Fort Lauderdale Airport Shooting Survivor Says He Was Saved By His Laptop
U7211,user_1,Entertainment,'Bachelor In Paradise' Star Corinne Olympios Hires Top Lawyer Following Scandal
U9109,user_1,Entertainment,Jimmy Kimmel Spots The Donald Trump Quote That Should Be The Title Of His Memoir
U3847,user_1,Entertainment,"Mariah Carey Does Will Ferrell's Makeup, Reveals She's A Closet 'Elf' Fan"
U8206,user_2,Education,California Law Spurs Reforms After High School Suicide Cluster
U7650,user_1,Entertainment,Friday Box Office Positions 'Grown Ups 2' Ahead Of 'Pacific Rim'
U9012,user_1,Entertainment,'Fashion Police' Co-Stars Remember Joan Rivers
U2780,user_2,Education,Housing Crisis In California Forces More Students Into Homelessness
U1879,user_1,Entertainment,Taylor Swift's Former Bodyguard Said He Saw Groping Occur
U2886,user_2,Education,Brainstorming Middle School
U0959,user_3,Crime,Three Milwaukee County Jail Staff Members Charged For Inmate's Dehydration Death
U5600,user_1,Entertainment,Simone Biles Fangirls Over 'Pretty Little Liars' The Way We Fangirl Over Her
U7060,user_1,Entertainment,"Ellen Gave Andy Cohen A Custom RompHim And Yes, It Looks Ridiculous"
U4604,user_3,Crime,Officers Arrest Texas Student For Bringing Loaded Gun To Middle School
U5286,user_2,Education,The Untapped Potential of Teacher Networks
U5190,user_1,Entertainment,Kendra Wilkinson Defends Hank Baskett Marriage
U4889,user_3,Crime,"Savannah, Georgia Warehouse Fire Burns 5,600 Tons Of Rubber"
U1838,user_3,Crime,Man Describes Wife’s Terrifying Brush With San Bernardino Gunman
U1122,user_2,Education,What Common Core Won
U5222,user_2,Education,4 Ways the House Republican Budget Hurts Students
U8081,user_1,Entertainment,Britney Spears Took Her Mom To See Male Strippers And This Is What Happened
U5485,user_1,Entertainment,'Super Troopers 2' Is Officially Happening
U6086,user_3,Crime,Mom Sentenced For Encouraging Boyfriend's Sex Assault On Baby
U3771,user_1,Entertainment,"The Berlinale Diaries: Jafar Panahi's Taxi, Breathe Umphefumlo and the True Meaning of Democracy"
U0209,user_2,Education,How to Be the Change - An Interview with Dr. Thomas McGovern
U6368,user_2,Education,"The Global Search for Education: Head, Heart, Soul, and Frankenstein"
U7818,user_3,Crime,Ohio Man Threatened Historical Mass Shooting At Las Vegas Casino
U7664,user_3,Crime,Armed 'Sovereign Citizen' Busted In Boston After Buying Explosive Ingredients: FBI
U2891,user_1,Entertainment,Vanessa Hudgens Is Now A Redhead
U9733,user_1,Entertainment,"DVDs: Fresh Wuthering Heights, Classic Bruce Lee, Lame Lindbergh"
U2768,user_2,Education,Encouraging the Discouraged Reader
U3375,user_3,Crime,DNA Forensic Error and the Execution of Innocents
U4012,user_1,Entertainment,Do You Really Think Kanye West Didn't Have A Cell Phone Before 2011?
U1335,user_2,Education,Teachers Are Still Bringing 'Harry Potter' Magic To Their Classrooms 19 Years Later
U5548,user_3,Crime,What You Can Do To Help After The Oakland Warehouse Fire
U3829,user_1,Entertainment,Chrissy Teigen Says She'd Be Kim Kardashian's Surrogate 'In A Heartbeat'
U2020,user_3,Crime,Exclusive Look Inside The Baltimore Police Investigation Into Freddie Gray's Death
U1827,user_3,Crime,Prisoner Takes Down Fellow Inmate During Vicious Attack On Officer
U0529,user_2,Education,Don't Let the FAFSA Ruin Your Holiday Cheer: 10 Financial Aid Myths Debunked
U4449,user_2,Education,"Is Higher Education Suffering a Crisis of Budget, Buildings or Failure to Adapt?"
U6627,user_2,Education,"Graduation Rates Are Rising, but Too Many Students Are Still Falling Behind"
U5209,user_3,Crime,Two Fundamentalist Mormon Towns Are On Trial And The Evidence Is Adding Up
U0166,user_1,Entertainment,Weekend Box Office: 'Wreck-It Ralph' Takes An Early Lead With 'Flight' In Second
U8497,user_1,Entertainment,Melissa Joan Hart Reacts To That New 'Sabrina'-'Riverdale' Reboot
U7537,user_2,Education,What Your Average School Lunch Looks Like
U2060,user_1,Entertainment,Tom Cruise Ankle-Break Scene Goes For Laughs In 'Mission: Impossible' Trailer
U9471,user_3,Crime,6 Bystanders Reportedly Shot Just An Hour After Alabama Peace Rally
U9961,user_3,Crime,O.J. Simpson Released From Nevada Prison
U8756,user_1,Entertainment,This New Free Donald Trump Mobile Game Will Rule Your Weekend
U0128,user_2,Education,Strategies For Evaluating The Trump Presidency In A High School Classroom
U7884,user_2,Education,Recruiting Late-Career Professionals to Teaching
U1258,user_3,Crime,Louisiana Cop Targeted Hispanic Drivers In Traffic Thefts: Police
U5535,user_1,Entertainment,The Trailer For Spike's Heath Ledger Documentary Will Make You Misty-Eyed
U4718,user_2,Education,How Can We Learn from Success Without Some Way of Telling Who's Successful?
U0154,user_2,Education,Happy Birthday America
U1440,user_3,Crime,"3 Dead, More Than A Dozen Injured After Car Speeds Through Massachusetts Auto Auction"
U0160,user_3,Crime,Fire Breaks Out In New York City Building
U4648,user_3,Crime,Unarmed Hotel Security Guard Who Found Las Vegas Shooter Hailed As Hero [UPDATE]
U5986,user_2,Education,"Change the Game for Girls in STEM: We Don't Need More, We Need Different"
U0984,user_1,Entertainment,Jordan Klepper Asks Trump Supporters To Explain Biden Conspiracy Theory And... Wow
U0306,user_2,Education,A Futurist Prediction for Virtual Education
U7556,user_2,Education,Every Teacher Should Be Bad At Something
U2065,user_3,Crime,Houston Shooting Survivor: My Slain Family Is 'In A Much Better Place'
U5683,user_3,Crime,Someone Abandoned 2 Sick Foals In A Field And Left Them To Die
U0583,user_3,Crime,Nevada Rancher Cliven Bundy Indicted For 2014 Standoff
U5702,user_3,Crime,4-Year-Old Girl Dies After Being Left In Car For Hours On A Hot Day
U1185,user_3,Crime,"Daphne Viola Webb Missing: California Toddler's Father, John Webb, Freed As Search Continues"
U5070,user_3,Crime,"Weeks Before Aurora Attack, James Holmes Had University On Edge"
U2023,user_3,Crime,Man Gets Five Years For Raping Puppy
U8262,user_2,Education,"Kindergarten Readiness, Part 2"
U3186,user_1,Entertainment,LA-LA-LA: 10 Songs With Music's Favorite Catch Phrase
U8264,user_3,Crime,3 Seriously Injured In Grand Central Station Stabbing
U6149,user_3,Crime,"Cops Foot $55,000 Bill For Cell Phone They Gave To Burglar"
U2237,user_1,Entertainment,Beach Boys Confirm They're Considering Playing Trump's Inauguration
U7564,user_2,Education,"Swatting, But Not at Flies"
U4276,user_1,Entertainment,Jennifer Holliday Won't Perform At Donald Trump's Inauguration After All
U8977,user_2,Education,What White Educators Can Learn From Pittsburgh's Police Chief
U1851,user_3,Crime,"Woman In Heroin Deaths Panicky Then Calm, Police Say"
U7521,user_2,Education,Promoting Meaningful Education:  Phi Beta Kappa Honors the Washington Consortium for the Liberal Arts
U6559,user_2,Education,Treat People as You Want to Be Treated
U6881,user_2,Education,Flipping The Switch
U8916,user_3,Crime,Texas Mom Arrested After Children’s Bodies Found Under Neighbor’s House
U2128,user_2,Education,A Teacher's Plea to President Obama
U7309,user_1,Entertainment,Margarethe von Trotta's Hannah Arendt
U5300,user_2,Education,Saudi Women Leaders Reshape Early Education
U3299,user_2,Education,Higher Ed Slims Down
U1258,user_3,Crime,Florida Man Arrested For Keying Swastikas Onto Cars
U6130,user_2,Education,BerkleeICE & beIN SPORTS Create The Soundtrack Of Copa America
U4093,user_1,Entertainment,They're Back
U9290,user_2,Education,Lullaby Of Algebra: How Mixing Music And Math Helps Engage Students
U9989,user_3,Crime,Ronald McDonald Wounded In Shootout Outside Sonic Restaurant
U0115,user_2,Education,"White Dads, Black Kids: Living Diversity in an Independent School"
U2668,user_2,Education,An Ode to a Teacher's Summer Vacation
U6659,user_3,Crime,Check Out This Pot-Slinging Catapult Found On Mexico's Border
U4891,user_1,Entertainment,Bill Gates Didn't Know He Was Name-Dropped In A Beyoncé Song
U4434,user_1,Entertainment,Shonda Rhimes Is Taking All Her Brilliant Talent To Netflix
U1168,user_3,Crime,Shooting Wounds 4 Near South By Southwest Festival In Austin
U9092,user_3,Crime,Woman Alleges She Was Forced Into Sex With Prince Andrew As A Minor
U6110,user_3,Crime,NYPD Sergeant Shot In The Face While On Duty In Queens
U9761,user_3,Crime,Here's How You Can Honor The Newtown Victims
U7319,user_3,Crime,"Forensic Science Is Not CSI, in Ferguson or Anywhere Else"
U9707,user_3,Crime,Teacher Joshua Waguespack Allegedly Recorded Girls Undressing At Catholic School
U7693,user_3,Crime,New Yorker Accused Of Hate Crime In Attack On Asian Man While Yelling 'White Power'
U7062,user_2,Education,ASU + GSV Report: Teachers and Tech Tools
U6549,user_3,Crime,Man Accused Of Killing NYPD Officer Pleads Not Guilty
U6303,user_3,Crime,Donations Pour In For Missouri Man Freed After 43 Years Of Wrongful Imprisonment
U7792,user_1,Entertainment,Shannen Doherty Will Appear In The 'Heathers' Reboot We Can't Wait To See
U3305,user_3,Crime,"Breanna Gomez, Wisconsin Runaway, Eludes Police In High-Speed Chase: Cops"
U9637,user_2,Education,Minneapolis Teacher Contract Race Language Ignites Firestorm
U9153,user_1,Entertainment,Stan Lee: Cinefantastique's New York Comic Con 2012
U7131,user_1,Entertainment,Rebecca Black & Dave Days Party All Day In 'Saturday' Music Video
U3913,user_3,Crime,Letters from Men in Prison: The Call for Accessible Entrepreneurship Education
U5981,user_2,Education,New Mexico Charter School CEO Steals Public Money For 15 Years. How’s That For Oversight?
U7571,user_3,Crime,Teenager With Replica Gun Shot By Los Angeles Police Wanted To Die: Police Chief
U5317,user_2,Education,What Do We Know About the New SAT?
U8090,user_3,Crime,Watchdog Probes Alleged 'Profiling' Of Somalis At Minneapolis Airport
U8788,user_3,Crime,Documents: Woman Admits Cutting Fetus From Stranger's Womb
U0156,user_1,Entertainment,Weekend Box Office: 'Mama' Takes The Number One Spot
U6458,user_3,Crime,In Which I Scold My Friends and Colleagues
U1113,user_3,Crime,Car Plunges Off 200-Foot Sea Cliff On Hawaii's Hana Highway
U6896,user_1,Entertainment,Zac Efron Confirms 'Star Wars: Episode VII' Talks
U4531,user_2,Education,"The Charter School Charade Offers Rhetoric, Not Evidence"
U0658,user_1,Entertainment,"Motorcycles, Riptides & More: Chats with Loudon Wainwright, Vancy Joy, John Velghe and Rocco DeLuca"
U4808,user_2,Education,Set To Stun
U0457,user_3,Crime,Someone Abandoned 2 Sick Foals In A Field And Left Them To Die
U1726,user_2,Education,Details of Duncan Equity Equality Plan
U9584,user_3,Crime,Man Crawls 3 Days After Surviving Crash That Killed Girlfriend
U3474,user_3,Crime,"Matt Roloff, Star Of 'Little People, Big World,' Speaks Out About Harassment, Death Threats"
U1919,user_3,Crime,5 Ways the IRS Scammers Could Have Stolen All Those Tax Returns
U2590,user_1,Entertainment,Miley Cyrus Declares Her Love For Liam Hemsworth In A Very Public Way
U3030,user_2,Education,"Just Put My Degree In The Mail! -- Notre Dame And Bethune-Cookman, Class Of 2017"
U9852,user_1,Entertainment,Christina Aguilera Wants 'Crackhead' Acting Role To Sink Her Teeth Into Something More Challenging
U9775,user_2,Education,Putting Our Children First: Teacher Marylin Zuniga Should Be Back in Her Classroom
U7348,user_3,Crime,Florida State Gunman Was Lawyer: Official
U8998,user_2,Education,Children Forced To 'Deal With It' And Bundle Up As Classrooms Lose Heat
U3455,user_3,Crime,"Robert Cole, Alleged Burglar, Gets Hog-Tied By Tulsa Homeowner"
U4059,user_2,Education,Singing in the Snow: Storms Produce Strength
U1230,user_3,Crime,"Holy Knockoff, Batman! Man Busted For Throwing 'Batarang' At Cops"
U3001,user_1,Entertainment,Pitbull's Tasteless Memorial Day Tweet Brings Americans Together
U6065,user_2,Education,Why America Demonizes its Teachers -- Part 3: What Teacher Evaluation Is Really About
U5825,user_2,Education,Internship Ideas For Aspiring Journalists (Besides Editorial)
U9795,user_2,Education,Hungry on Campus
U7134,user_2,Education,Closing the High School Graduation Gap
U5104,user_1,Entertainment,Amy Schumer And Selena Gomez Are Basically Twins At Glamour Women Of The Year Awards
U1724,user_3,Crime,Florida Man Sentenced For Running Over Ducks With Lawnmower
U8437,user_3,Crime,Mom Sentenced For Disturbing Sex Crimes Against Toddler Son
U7274,user_2,Education,Housing Crisis In California Forces More Students Into Homelessness
U4413,user_3,Crime,Louisiana Theater Shooter Identified As John Russel Houser
U7770,user_2,Education,Teaching Character Versus Life Skills in Schools: What's the Best Approach?
U7801,user_3,Crime,Man Accused Of Killing Dad For Not Getting Him Fast Food
U8622,user_1,Entertainment,"Just A Reminder That Women Dominate Pop Music, But Still Rarely Produce It"
U7664,user_3,Crime,"WATCH: Woman Allegedly Posed As Sheriff, Rammed Other Car In Road Rage"
U1031,user_3,Crime,New York City Mayor Calls For Pause In Protests After Police Killings
U8891,user_2,Education,Will Justin Bieber Become a Teacher?
U6640,user_2,Education,Every Mom and Dad a STEM Mentor
U6696,user_1,Entertainment,'Pan' Fails To Take Flight At The Box Office
U4977,user_3,Crime,"Oklahoma Girl Shoots Home Intruder: 12-Year-Old Uses Family's Gun To Protect Self, Home"
U7278,user_1,Entertainment,10 Artists Who Retired From Music And Made A Comeback
U4245,user_3,Crime,Texas Jury Selection Begins In 'American Sniper' Murder Trial
U4720,user_1,Entertainment,John Stamos Checks Into Rehab For Substance Abuse After DUI Arrest
U9846,user_3,Crime,"Blind Judge Makes History, Joins Michigan's Supreme Court"
U5353,user_3,Crime,The King Of Credit Card Fraud
U4122,user_1,Entertainment,J.J. Abrams 'Understands' Why You Call 'Force Awakens' A Rip-Off
U4467,user_3,Crime,Georgia Mayor Dies After Being Shot In Domestic Dispute
U5366,user_2,Education,"President Trump In The Eyes Of Kids, Parents And Teachers"
U1906,user_1,Entertainment,Trevor Noah One-Ups Stephen Colbert In Battle For Best Trump Mockery
U8985,user_2,Education,Kids First! Be a #KidVoter
U2545,user_3,Crime,Inmates On The Run After Using Clothes To Rappel From California Jail
U0112,user_1,Entertainment,"Dog Ears Music: Black Friday Playlist -- ""One Debt Away"""
U9582,user_3,Crime,Suit Accuses Milwaukee Sheriff Of Abuse Of Power In Airport Incident
U5884,user_1,Entertainment,Lena Dunham's Latest Bikini Selfie Has Us Dreaming Of Vacation
U1562,user_3,Crime,Families Remember Victims Of Tragic Oregon School Shooting
U5765,user_1,Entertainment,Country Singer Troy Gentry Dies In Helicopter Crash At 50
U7517,user_3,Crime,Police Say Friendly Fire That Killed Maryland Officer A 'Tragic' Misunderstanding
U8098,user_3,Crime,Martin Shkreli's Former Lawyer Convicted Of Helping Him To Defraud Pharmaceutical Firm
U0972,user_3,Crime,Watch Agile Burglar Break Into Jewelry Store Through Ceiling
U2075,user_3,Crime,Man Beaten To Bloody Pulp After Allegedly Raping Nephew's Girlfriend
U4073,user_2,Education,How I Engage in Racial Profiling
U8495,user_2,Education,Year-Round Schooling: Why It's Time to Change
U2558,user_1,Entertainment,Watch The First Trailer For Tim Burton's New Movie
U3321,user_2,Education,Lullaby Of Algebra: How Mixing Music And Math Helps Engage Students
U3702,user_1,Entertainment,Chrissy Teigen Annihilates The Twisted Logic Of Equating Trump And Clinton Scandals
U5798,user_3,Crime,4 Killed In Shooting Rampage At Pennsylvania Car Wash
U8704,user_2,Education,Law Schools Closing
U4790,user_2,Education,Around The World In 30 Days: October 2016
U8145,user_3,Crime,"Fire Captain Charged In Cold-Case Murders Of Ex-Wife, Mom, Friend"
U4306,user_2,Education,'What’s A White B*tch Like You Doing In A School Like This?'
U0332,user_2,Education,Here's How to Decide if Grad School is Right for You
U1675,user_2,Education,Michigan Schools: An Example Of Needed Vigilance Nationwide
U4669,user_3,Crime,"Florida Dad Let Teen Daughter Dance, Do Drugs At Strip Club: Cops"
U1701,user_2,Education,Where's the Science in Science Education?
U5739,user_1,Entertainment,Celebrities React To Bill Cosby Mistrial With Total Indignation
U3119,user_2,Education,Is Your Child's Creativity Going Unnoticed?
U5752,user_1,Entertainment,Selena Gomez Gushes About Rumored New BF Zedd
U2537,user_2,Education,What D.C. Schools Won’t Report: Many NAEP Subgroup Gains Slowed Under Rhee/Henderson
U0168,user_2,Education,"President Trump In The Eyes Of Kids, Parents And Teachers"
U3962,user_2,Education,The Practical Liberal Arts
U4963,user_2,Education,Sanitizing History in the Name of Patriotism
U2758,user_2,Education,Can Students Wear American Flag Clothing to School?
U3498,user_1,Entertainment,'The Leftovers' Final Season Trailer Gives Us A Holy Mystery
U5651,user_3,Crime,"Police Arrest 16-Year-Old Boy Suspected Of Killing Parents, Sister On New Year's Eve"
U9429,user_3,Crime,Student Killed In Accidental Shooting At Alabama School: Report
U2748,user_3,Crime,Gregory Weiler II Found Not Guilty By Insanity In Church Bomb Plot
U6961,user_3,Crime,"4 Dead, Dozens Injured After Car Plows Into OSU Homecoming Crowd"
U6168,user_3,Crime,Crocodile Stoned To Death By Visitors At Tunis Zoo
U7706,user_2,Education,California Law Spurs Reforms After High School Suicide Cluster
U3524,user_3,Crime,Mount Sterling Police Department Shut Down; Officer Accused Of Using Taser On 9-Year-Old Boy
U4107,user_2,Education,Modern Day Activists Call it 'Historic Trauma'
U9964,user_2,Education,Truth and Consequences
U5010,user_1,Entertainment,All The Movies That Are Cool For The Summer
U6148,user_2,Education,"Arkansas Residents Jim And Alice Walton Pony Up $1,835,000 To Raise Charter Cap In Massachusetts"
U0671,user_1,Entertainment,You Can Be The Proud Owner Of Zac Efron's First Car
U7041,user_3,Crime,Wealthy Texas Couple Accused Of Enslaving Young Woman For 16 Years
U6375,user_3,Crime,Surgical Tech In Needle-Swap Scandal At Swedish Medical Center Has HIV
U3951,user_1,Entertainment,'Scandal' Star Columbus Short Arrested Again
U8264,user_1,Entertainment,Could Glenn Make It To The Next Episode Of 'The Walking Dead'?
U7099,user_1,Entertainment,How Lifetime's 'UnREAL' Tackles The Princess Fantasy
U1898,user_3,Crime,Bodycam Video Of Police Entering Las Vegas Shooter's Hotel Room Finally Released
U9589,user_3,Crime,Ikea Pleads With Teen Pranksters: Stop Sleeping Over In Our Stores
U8620,user_1,Entertainment,Here's What Is Coming To Netflix In April 2018
U7593,user_1,Entertainment,Here's Your First Look At Nina Dobrev's Return In 'The Vampire Diaries'
U3864,user_3,Crime,Teen Charged With Raping 7-Year-Old Girl On School Bus
U4658,user_2,Education,Study: Kids Take 100-Plus Required Tests Through 12th Grade
U7231,user_2,Education,"My Classroom, Not My Island"
U5193,user_2,Education,An Education Revolution in One Word
U8740,user_3,Crime,Judge Orders Chicago Police To Release Graphic Video Of Officer Shooting Teen 16 Times
U9445,user_2,Education,Dear Teachers: Don’t Be Good Soldiers For The EdTech Industry
U5829,user_3,Crime,"Escaped Inmates Seen Near Pennsylvania Border, New York State Police Say"
U1036,user_2,Education,6 Tips That Could Help Your Student Loan Repayment
U3344,user_3,Crime,"Fight Breaks Out After Murder Suspect, Witness Put In Same Cell"
U8080,user_3,Crime,Commissioner Bratton Confirms NYPD Slowdown
U8690,user_2,Education,A Classroom Of Tomorrow
U1567,user_2,Education,"While Teachers Fight For Better Pay, West Virginia Lawmakers Discuss Opossums"
U5435,user_2,Education,If Ever There Was a Kid Born to Read
U0363,user_1,Entertainment,Robert De Niro Gives Donald Trump Another Savage Nickname
U9596,user_1,Entertainment,Uggie The Dog From 'The Artist' Dead At 13
U8296,user_2,Education,An Educator's Lament: Part I -- Symptoms of Our Educational Demise
U5687,user_3,Crime,Teen's Alleged Rape Goes Viral And Now She's Speaking Out
U3307,user_3,Crime,Man Throws Chainsaws At Cops During High Speed Chase
U2617,user_2,Education,Should We Hold Arne Duncan and Every Other Reformer Accountable for Every Child They Hurt?
U7077,user_2,Education,"Why Kids May Actually Need More Testing, Not Less"
U8623,user_3,Crime,"Feds Escalate Charges Against Edgar Welch, Alleged 'Pizzagate' Shooter"
U9642,user_3,Crime,Registered Sex Offender Allegedly Caught Working As Petco Santa Claus
U0409,user_2,Education,Is Your Child's Creativity Going Unnoticed?
U3722,user_3,Crime,Mayor De Blasio Postpones Italian Vacation In Light Of Man's Chokehold Death
U8388,user_3,Crime,"Fire Captain Charged In Cold-Case Murders Of Ex-Wife, Mom, Friend"
U3882,user_2,Education,"60 Years After Brown v. Board, America's School Boards Call for Vigilance"
U9479,user_3,Crime,Video Could Be Key To Finding Alleged Killers Of Cop Charles Gliniewicz
U2766,user_1,Entertainment,John Stamos Shows Off New Baby To Bob Saget And Lori Loughlin
U9310,user_3,Crime,Grand Jury Indicts Atlanta Officer For Murder Of Unarmed Black Man
U8105,user_1,Entertainment,K-Pop Fans Lost Their Minds During The Winter Olympics Closing Ceremony
U6177,user_1,Entertainment,A Phone Dying Has Never Been This Heartbreaking Or Hilarious
U4719,user_2,Education,Too Many For-Profit Colleges Defraud Students And Taxpayers Alike
U9913,user_1,Entertainment,Selena Gomez Deletes Controversial Mosque Photo That Showed Her Ankle
U8353,user_3,Crime,Oregon Man Who Beheaded Mom's Cat Learns His Fate
U8874,user_2,Education,Make Entrepreneurship Education Your Summer School
U5250,user_1,Entertainment,Stephen Colbert Starts 'Trump Attacked Me On Twitter' Hall Of Fame
U9178,user_1,Entertainment,FX Reveals New Details About 'Fargo' Season 2
U2521,user_1,Entertainment,Movie Review: Black Sea... See It!
U9644,user_3,Crime,University Students Among Dozen Men Arrested in Alabama Statutory Rape Case
U8153,user_3,Crime,San Francisco Police Chief Ousted After Fatal Police Shooting
U6953,user_1,Entertainment,"Barbra Streisand Had Her Dog, Samantha, Cloned Twice"
U1424,user_3,Crime,Fire Breaks Out In New York City Building
U1931,user_1,Entertainment,Kelly Cutrone Says Russell Simmons Tried To Rape Her In 1991
U5971,user_2,Education,What Do We Know About the New SAT?
U2958,user_3,Crime,NYC Jail Violence On The Rise: Report
U2885,user_1,Entertainment,Dustin Lynch Set To Headline Tour After 'Hell Of A Night' Hits No. 1 On Country Charts
U2144,user_2,Education,Can We Learn to Get Along?
U4548,user_1,Entertainment,The End Is Near! Phineas and Ferb 'Last Day of Summer' to Air on Disney XD June 12
U3534,user_1,Entertainment,Leslie Jones Live-Tweeting Figure Skating Is Olympic Gold
U1312,user_1,Entertainment,This Honest 'Star Wars' Teaser Puts The Pressure On J.J. Abrams
U0470,user_2,Education,Free Speech on Campus
U1544,user_2,Education,Teachers Union President Joins Anti-Union Operative To Praise Charter Schools
U9591,user_2,Education,Tentative Deal Reached To End West Virginia Teacher Strike
U5759,user_1,Entertainment,Taylor Swift Shares 'Family Portrait' With Lots Of Famous Ladies
U8892,user_2,Education,"After Enrollment Dips, Public Schools Hope For Fall Rebound"
U5311,user_2,Education,12 Things Teachers Think But Can't Always Say to Parents
U7511,user_2,Education,The Indignant and Audacious Teacher
U2995,user_2,Education,Move Over Memorization
U7958,user_3,Crime,Second Shooting Reported At College In 24 Hours
U0319,user_3,Crime,Suspect In Memphis Cop Killing Turns Himself In
U1510,user_2,Education,How A For-Profit College Targeted The Homeless And Kids With Low Self-Esteem
U7983,user_3,Crime,"Owner Killed, 5 Wounded In New York Nightclub Shooting"
U2762,user_3,Crime,Poll Worker Injured By Trump Sign Booby-Trapped With Razor Blades
U2338,user_1,Entertainment,'Flip Or Flop' Stars Christina And Tarek El Moussa Sued By Former Employee
U0235,user_2,Education,My Mom Was A Unionized Public School Teacher. That's Why I'm A Reformer
U2411,user_1,Entertainment,'Silicon Valley' Season 5 Trailer Grants First Look At Post-T.J. Miller Era
U6295,user_3,Crime,Alec Simchuk Arrested: Fugitive Night Club Owner Allegedly Involved With Miami 'Bar Girl' Scam Caught
U9938,user_3,Crime,American Prison Warden Blown Away By Norwegian Jail
U4034,user_3,Crime,Teen Suspect Sought In Disturbing Cat-Throwing Video
U6119,user_1,Entertainment,Zoe Saldana Shares Adorable Video Of Her Sleeping Twins
U2654,user_2,Education,"Swatting, But Not at Flies"
U9412,user_2,Education,Teacher Sets Her Students The Funnest Homework Assignments Ever
U4989,user_2,Education,How We Talk About Race
U3217,user_2,Education,The Smartest Thing I've Ever Read About Consent
U0293,user_2,Education,Parkland School District Votes Against Arming Teachers
U1561,user_2,Education,Grade-Span Tests Are Not the Answer
U1614,user_3,Crime,Justin Ross Harris Sentenced To Life In Prison For Toddler's Hot-Car Death
U3623,user_1,Entertainment,Mariah Carey To Headline 'New Year's Rockin' Eve' Despite 2016 Fail
U9968,user_2,Education,Your FAFSA Questions Answered
U6315,user_1,Entertainment,Justin Timberlake On 'FutureSex/LoveSounds': Singer Says His Second Album Was 'Polarizing'
U2893,user_1,Entertainment,Kim Kardashian Shuts Down Rumors She Partied While Son Was Hospitalized
U2496,user_2,Education,DeVos Department Tries To Block Public Streaming Of Student Debt Hearing
U0016,user_1,Entertainment,The First 'Suicide Squad' Trailer Is Here And It's Super Creepy
U0428,user_2,Education,Teaching the Greeks and Critical Thinking - Part 11: Does the Belief in an Afterlife Affect One's View of this Life?
U2331,user_3,Crime,Suspected San Diego Shooter in Custody After Hours-Long Standoff
U7704,user_3,Crime,"Nicole Houde, Former Miss New Hampshire, Arrested After Alleged Assault (PHOTOS)"
U5359,user_2,Education,Make Entrepreneurship Education Your Summer School
U8177,user_2,Education,Increasing Diversity in the STEM Pipeline
U4880,user_2,Education,To The Teachers Who Taught Beyond The Textbook
U0315,user_2,Education,"Parents, Share Your Story: How Do You Empower Student Learning?"
U4157,user_1,Entertainment,Diplo Says Selena Gomez's Relationship With Zedd Is 'Fake'
U9107,user_1,Entertainment,The ACM Awards Troll The Oscars So Hard With 'La La Land' Diss
U5195,user_2,Education,Schools ENACT Positive Change With Drama Therapy
U2050,user_1,Entertainment,Here's How Sir Ian McKellen Does The Ice Bucket Challenge
U7178,user_1,Entertainment,Channing Tatum Lets It Go As Elsa From 'Frozen' On 'Lip Sync Battle'
U9981,user_2,Education,"White Dads, Black Kids: Living Diversity in an Independent School"
U7849,user_3,Crime,Chris Kyle Dead: Author Of 'American Sniper' Shot And Killed At Gun Range
U9533,user_1,Entertainment,Kris And Bruce Jenner's Divorce Settlement Details
U6374,user_2,Education,Coming to Terms About Mentorship
U8182,user_2,Education,What I Know About Teaching And Learning (With Apologies To John Dewey)
U3537,user_1,Entertainment,"Rest in Peace, Ronnie Gilbert"
U9300,user_3,Crime,The Suprising Thing People Facing Federal Criminal Charges Learn
U5834,user_3,Crime,'Not Our Vision Of Justice': #BlackLivesMatter Condemns NYPD Cop Killings
U1845,user_3,Crime,"Young, Unarmed Black Man Killed By Cop Didn't Want To 'Die Too Young'"
U9265,user_3,Crime,Deadly Shooting Spree Suspect Arrested
U2046,user_3,Crime,Georgia Duo Sentenced To Years In Prison For Terrorizing Birthday Party With Confederate Flag
U9437,user_2,Education,Kids in Montana Unique: They're Learning the Truth
U9656,user_2,Education,The Global Search for Education:  Our Top 12 Global Teacher Blogs - How do you balance preparation for high stakes assessments with teaching and learning in your classroom?
U6185,user_2,Education,Parents as Chief Advocates
U6232,user_1,Entertainment,What Was It Like to Be a Part of the MIT Blackjack Team?
U6420,user_1,Entertainment,Ariana Grande Says Canceling Tour After Manchester Attack 'Was Not An Option'
U2111,user_1,Entertainment,Brangelina's Wax Figures Are Already Feeling The Effects Of The Divorce
U9201,user_2,Education,"You Graduated... Now, What? (10 Steps to Building Your Life on Purpose)"
U2932,user_2,Education,"Inspired By Skid Row, Educator Opening Charter To Help LA's Homeless Children And Families"
U0146,user_1,Entertainment,Read Leslie Knope's Letter To America On How To Cope With Trump's Victory
U3993,user_3,Crime,18-Year-Old Indiana Man Arrested For Planning To Join Islamic State
U9578,user_3,Crime,Suspect In 5 Weekend Murders Also Eyed In Toddler's Death
U3759,user_1,Entertainment,Lil Nas X Recreates Steamy Shower Scene On Stage At 2021 MTV VMAs
U8421,user_3,Crime,Snapchat Videos Show Couple Shooting Up Houston Neighborhoods
U6034,user_2,Education,Louisiana Has A Five-Year-Old 'Parent Trigger' Law That No Parent Has Ever Used
U7759,user_2,Education,Voucher Champs Take Note: Illinois’ $75M Tax Credit Offset Funding Does Not Exist
U9787,user_1,Entertainment,Khloe Kardashian Gets Real About 'Letting Go' In Heartfelt Instagram Essay
U3644,user_2,Education,The Curse of Perfect Spelling
U7023,user_1,Entertainment,Bill Murray Will Voice Your Favorite Animated Bear
U9822,user_3,Crime,Police Hope Perps Will Fall For This 'Lost And Found' Meth Ad
U8345,user_2,Education,"New Course Leads To Big Gains In Number Of Girls, Minorities Taking AP Computer Science Exams"
U5991,user_3,Crime,Parkland Could've Been Worse. Vegas Could've Been Worse. They Can Always Be Worse.
U8649,user_1,Entertainment,Grey's Anatomy Recap: No More Shower Sex in 'Don't Let's Start'
U7203,user_2,Education,6 Trends Improving K-12 Learning Experiences
U5660,user_2,Education,Why Would Learning Be the Goal of 21st Century Schools?
U6005,user_2,Education,Diverse Conversations: Training Tomorrow's Educators
U5802,user_3,Crime,"New Details Emerge In Forgotten Murder That Snared Attorney, Highway Patrolmen"
U1834,user_2,Education,First Amendment Lawsuit Says Student Was Punished for Wearing a T-shirt Advocating Gun Rights
U4628,user_3,Crime,Florida Officer Accused Of Selling Drugs to Undercover Detective
U0492,user_1,Entertainment,This Exclusive 'Traders' Clip Shows Sam Tarly Is Out Of Control Without Jon Snow
U3473,user_1,Entertainment,"Iron Man, Black Widow, Captain America, Thor And Hawkeye Got Matching Tattoos"
U8204,user_3,Crime,FBI Hunts 'Spelling Bee Bandit' Who Hands Over 'Robery' Notes
U1339,user_2,Education,Testing: Enhanced Interrogation in the Classroom
U9532,user_1,Entertainment,Kid Cudi Storms Offstage At Rolling Loud Before Surprise Kanye West Appearance
U3619,user_2,Education,Show Up For Kids So They Can Show Up To School
U5820,user_2,Education,The Barriers to Technology in Education
U4519,user_1,Entertainment,‘Bachelor In Paradise’ Star Claims His Character Is Being 'Assassinated'
U9313,user_1,Entertainment,Everyone Go Home Because Rihanna Canceled Her Grammys Performance [UPDATE]
U0704,user_3,Crime,Police Bet On Rare 'Pokemon Go' Character To Catch Fugitives
U3596,user_1,Entertainment,Iggy Azalea And Weird Al?!
U6556,user_2,Education,Tenure: Education's Friend or Foe?
U2423,user_2,Education,The Big Uneasy. What’s Roiling The Liberal-Arts Campus?
U8176,user_3,Crime,Mom Of Four Killed In Road Rage Incident
U2472,user_1,Entertainment,"'Beetlejuice' Sequel Is Not A Go, According To Tim Burton's Rep (UPDATED)"
U6530,user_1,Entertainment,"Kendrick Lamar, TDE Crew Release Short Documentary Chronicling Concerts And Rappers' Beginnings"
U5421,user_2,Education,Use Proven Programs or Manage Using Data? Two Approaches to Evidence-Based Reform
U4408,user_3,Crime,Oregon Shooter Died By Suicide
U4919,user_2,Education,Teacher of My Heart
U7171,user_1,Entertainment,Banksy Went On 'Spraycation' And All We Got Was Some 'Mindless Vandalism'
U0343,user_2,Education,Teach For America’s Houston T-shirt Sale
U2446,user_3,Crime,"Colorado Church Remembers Fallen Officer, Asks Forgiveness For Shooter"
U7785,user_3,Crime,'Making A Murderer' Directors Don't Think Steven Avery Is Guilty Of Murder
U1194,user_2,Education,"Talk, Read and Sing to Kids to Close the Word Gap"
U2918,user_1,Entertainment,Jessica Williams And Phoebe Robinson's '2 Dope Queens' Is Coming To HBO
U7395,user_2,Education,How Trump's Harsh Education Cuts Undermine His Economic Growth Goals
U2524,user_2,Education,3 Reasons Why You Should Never Send a Kid to a Dictionary to Look Up the Spelling of a Word
U3068,user_3,Crime,Kathlyn Regina Huff Arrested After 36 Years On The Run (VIDEO)
U6181,user_1,Entertainment,Beyoncé Explains The Birth Of 'Yoncé' And Breaking 'The Fourth Wall'
U5314,user_1,Entertainment,NEWSFLASH: Justin Bieber Thinks You Care If He Shaves His 'Mustache'
U7865,user_2,Education,Sense and Sensibility: Why Librarians Remain Essential to Our Schools
U7833,user_3,Crime,"Even When the Subject Is Gun Control, Our Government Wins When Justice Is Done"
U1580,user_3,Crime,"James Pepe, Florida High School Teacher, Arrested In Murder-For-Hire Scheme Against Rival Teacher"
U5574,user_3,Crime,"Armando Torres, Marine, Kidnapped By Armed Men In Mexico: Family"
U5310,user_2,Education,Calif. High School Student Wins Election On Anti-Muslim 'Joke' Video
U6782,user_2,Education,A Classroom Of Tomorrow
U0394,user_1,Entertainment,Film Producers' Discussion On Weinstein Scandal Had Only 1 Woman
U1052,user_3,Crime,Runner In Krispy Kreme Challenge Dies Following Chest Pains
U3851,user_2,Education,The Reason I Loved English Class Is the Reason My Students Hate It
U1636,user_2,Education,16 Reasons Why I Love to Teach Creative Writing
U1634,user_3,Crime,Prosecution Scores Two Big Wins In Freddie Gray Case
U8521,user_3,Crime,"Ex-Cop Steven Zelich Pleads Guilty To Killing Woman, Ditching Body"
U5277,user_1,Entertainment,Trevor Noah Has A Brutal Response To Louis C.K. Sexual Misconduct Allegations
U1650,user_1,Entertainment,Sara Bareilles Reveals The Real Story Behind 'Love Song’
U4085,user_1,Entertainment,My JFK Obsession Becomes a Living Nightmare at Dealey Plaza
U3497,user_3,Crime,The Throwaways
U3688,user_1,Entertainment,Boy: Taking The Process On Tour
U6090,user_2,Education,Federal Judge Suspends New York City's Vaccine Mandate For Teachers
U8630,user_2,Education,The Global Search for Education:  With the World in Mind
U9016,user_1,Entertainment,I Called Him Morgan
U6422,user_2,Education,Technology Is Bringing Back the Apprenticeship Model. It Just Has a Different Name - Mentoring
U5020,user_2,Education,Teaching Gatsby Under Obama Was Eerie. Teaching It Under Trump Is Crushing
U0130,user_2,Education,Better Together:  Parenting a Child in an Independent School
U7963,user_3,Crime,Missing Alaska Family Died In Murder-Suicide: Police
U9234,user_3,Crime,"Man Fatally Shot Outside Courthouse, Suspect 'A Good Guy,' Girlfriend Says"
U2365,user_1,Entertainment,Susan Sarandon's Daughter Eva Amurri Claims Nanny Wanted To Sleep With Her Husband
U4455,user_2,Education,Teacher Sets Her Students The Funnest Homework Assignments Ever
U2136,user_1,Entertainment,'District 9' Director Is Back With A Movie About A Cute Robot
U8969,user_3,Crime,Oregon Shooter Died By Suicide
U6526,user_2,Education,What My Students Think About School Lunch
U3598,user_2,Education,"In Annual Newsletter, Gates Goes Silent On Education"
U7458,user_3,Crime,Navy Hospital Staffers Removed After Sharing Disturbing Photos Of Newborns
U2122,user_2,Education,"For Effective Education Policy, Listen to Effective Teachers"
U6734,user_3,Crime,"Blind Sailor Successfully Sails From Mexico To Hawaii, Crashes On Reef Upon Arrival"
U9484,user_2,Education,Putting the Oxygen Back into Improving Education
U5100,user_2,Education,"The Global Search for Education: Head, Heart, Soul, and Frankenstein"
U1565,user_1,Entertainment,Singers Kacey Musgraves And Ruston Kelly File For Divorce
U8706,user_3,Crime,Heather Elvis Missing: 2 In Custody As Hundreds Search For South Carolina Woman
U6329,user_3,Crime,Watch Hero Cop's Narrow Rescue Of Man Jumping From 6th Floor
U5257,user_1,Entertainment,Judge Suspends Britney Spears' Father As Her Conservator
U0974,user_2,Education,Making Cyberschool Creepier
U8767,user_1,Entertainment,Billy Joel Defends Taylor Swift Against Snooty New Yorkers
U9382,user_1,Entertainment,Zayn Malik Is Now Bald And Still Beautiful
U6928,user_1,Entertainment,Gloria Estefan Is Getting A Broadway Musical In 2015
U4249,user_2,Education,Mr. MacPherson Circa 1982
U4117,user_3,Crime,"Ohio State Attacker May Have Been Inspired By Overseas Militants, FBI Says"
U8814,user_1,Entertainment,W. Kamau Bell Chimes In On Politics And Racism
U1284,user_3,Crime,Driver Arrested For Allegedly Injuring Policeman While Having Seizure
U0710,user_2,Education,"A Step Forward in Washington, A Step Back in New York"
U0225,user_3,Crime,Body Found May Be Of Missing 3-Year-Old Left Outside By Dad: Police
U3420,user_3,Crime,Backpage.com Founders Indicted For Facilitating Prostitution On Site
U9881,user_3,Crime,Safer Streets and Communities Start at Home
U8885,user_2,Education,ASU + GSV Report: Teachers and Tech Tools
U5704,user_1,Entertainment,'Infinity War' Is Selling Faster Than The Last 7 Marvel Movies Combined
U8507,user_2,Education,Resolved to Teach More Through Writing
U3646,user_2,Education,"Mathematics, Magic and Mystery"
U7562,user_1,Entertainment,10 Times Bruce Springsteen Made Us Proud To Be Born In The U.S.A
U1350,user_3,Crime,JODI ARIAS VERDICT WATCH: Jury Deliberating Arias' Fate
U4113,user_1,Entertainment,The Internet Is Going Crazy Over What Padma Patil Looks Like Now
U2801,user_2,Education,Adventures of a Creationist at the Field Museum
U1246,user_1,Entertainment,Ben Higgins Named The Next 'Bachelor'
U5718,user_2,Education,"A Gay 6-Year-Old's Thank You To His First Grade Teacher, 20 Years Later"
U1264,user_2,Education,I Am Not Hostile To Change
U3802,user_2,Education,#UTADNA Grad Student of the Year
U1160,user_2,Education,"President Trump In The Eyes Of Kids, Parents And Teachers"
U2790,user_2,Education,The Power of Partnerships in Early Education
U9760,user_1,Entertainment,Miles Teller Doing OK After Bronco Flips Over In Car Crash
U7371,user_1,Entertainment,Kanye West Reportedly Breaks Ties With Jay-Z's Streaming Service Over Money
U6349,user_2,Education,Safe Space versus Comfort Zone: Protecting Open Dialogue on Campus
U8549,user_2,Education,"Reflections of an Octogenarian IV: Whatever Happened to the Core in the Core Curriculum? Now You See It, and Now You Don't"
U9572,user_3,Crime,Fifth-Graders Arrested After Allegedly Planning Explosion
U2033,user_1,Entertainment,'Roseanne' Renewed For A Second Season After High-Rated Premiere
U0820,user_1,Entertainment,When Jerry Met Barbara...
U4755,user_1,Entertainment,'Super Troopers 2' Is Officially Happening
U7903,user_3,Crime,Minnesota Realizes 'FMUSLMS' Vanity Plate Maybe Isn't Such A Hot Idea
U0927,user_3,Crime,Person Of Interest Detained After California Mosque 'Firebombed'
U2781,user_3,Crime,Church Shooting Victim's Last Snapchat Included Shooter
U0788,user_3,Crime,Plainclothes New York City Police Detectives Shoot And Kill Suspected Robber In Manhattan
U0477,user_3,Crime,Out-Bad Chronicles: Fantasy From Hell
U2804,user_2,Education,All Parents Need Access to Education Data Now
U0399,user_2,Education,16 Reasons Why I Love to Teach Creative Writing
U6547,user_3,Crime,Pokemon Geeks Bring Guns To Championship: Cops
U5459,user_2,Education,Dear Teachers
U5810,user_3,Crime,Colorado Man Arrested After Challenging Daughter To A 'Duel': Sheriff
U2261,user_1,Entertainment,"Jimmy Kimmel Asks People To Critique Movies That Don't Exist, Thank God"
U0384,user_2,Education,How Social-Emotional Learning Transforms Classrooms
U2646,user_2,Education,Staunch Majority of California Voters Support Pre-K
U1949,user_2,Education,Educational Test Still Incentivizes Cheating
U3246,user_2,Education,Where Do Schools Close Most Often For Weather?
U3216,user_2,Education,"Double Standard, Double Spacing"
U9326,user_2,Education,How Social-Emotional Learning Transforms Classrooms
U7006,user_3,Crime,New Jersey Boys Survive 100-Foot Fall After Father Jumps With Them In His Arms
U7719,user_1,Entertainment,See Francis Ford Coppola's Notes For Famous 'Godfather' Scene
U3109,user_1,Entertainment,Donald Trump Is All Shook Up In Jim Carrey's New Elvis-Themed Art
U7496,user_3,Crime,Oakland Warehouse Fire Death Toll Continues To Soar
U8325,user_1,Entertainment,"Don’t Set Fire To The Rain, But Adele Just Canceled One Of Her Concerts"
U8814,user_1,Entertainment,Kim Cattrall's Missing Brother Found Dead At His Home
U3098,user_1,Entertainment,Seth Meyers Says It's Good Fallon Gives Trump 'Less Of An Ass-Kicking'
U2277,user_2,Education,Looking Forward: E-Colors in Education
U7457,user_2,Education,Dropping the Needle: Disruptive Innovation and Higher Education
U9262,user_3,Crime,Family Donates Heart Of 5-Year-Old Girl Fatally Shot While Sitting On Grandpa's Lap
U0481,user_3,Crime,Runner In Krispy Kreme Challenge Dies Following Chest Pains
U0433,user_2,Education,"A Path to Dairy Farming, Not College"
U6124,user_2,Education,Tuning in to Teachers
U1142,user_1,Entertainment,Popcorn Preview: American Sniper
U3270,user_3,Crime,"After LA Sheriff's Deputies Fatally Shoot A Man, His Family Claims Excessive Force"
U4077,user_1,Entertainment,The Muslims Are Coming -- to Netflix
U4194,user_3,Crime,"Lax Supervision Plagued Officer Sex Cases, AP Investigation Finds"
U3171,user_1,Entertainment,"Don’t Worry, The New 'Roseanne' Isn’t All About Donald Trump"
U4382,user_2,Education,Want To Start School Later? Avoid These 10 Common Traps
U5079,user_1,Entertainment,"Will Smith Isn't Returning For 'Independence Day 2' After All, According To Latest Report"
U6944,user_2,Education,Partisan Divide About College Reflects Our Dislike Of Each Other
U8985,user_1,Entertainment,The First Look At 'Mary Poppins Returns' Is Absolutely Magical
U7940,user_2,Education,Does High School Matter?
U5860,user_1,Entertainment,Another Woman Accuses Jeremy Piven Of Groping Her On 'Entourage' Set
U2285,user_1,Entertainment,Jack Antonoff Asks Kesha To Make Music With Him Until She's Free Of 'That Creep'
U8438,user_3,Crime,"Woman Stabs Boyfriend To Death After He Bites Her Finger, New York Police Say"
U9209,user_2,Education,Empowering the Next Generation of Scientists
U3524,user_2,Education,"MakeSchool Co-Founder Ashu Desai Talks about, ""The Computer Science Degree of the Future"""
U5204,user_2,Education,Success Academy Works for My Kid
U0496,user_2,Education,What's Wrong With Denigrating Girls and Women in Schools?
U3363,user_1,Entertainment,Nicki Minaj's ‘Pink Friday: Roman Reloaded - The Re-Up': Singer Blames Walmart For Poor Album Sales
U8310,user_3,Crime,4 People Shot And Killed At Texas Apartment Complex
U9318,user_1,Entertainment,"Don't Tell A, But Lucy Hale Just Dyed Her Hair Blond"
U1832,user_1,Entertainment,Uggie The Dog From 'The Artist' Dead At 13
U5390,user_1,Entertainment,Some Thoughts on American Sniper
U7245,user_2,Education,Should I Switch My Student Loan To a Variable Interest Rate?
U4595,user_1,Entertainment,Celebrities Emerging From Water Because Hey ... It's Labor Day!
U2399,user_2,Education,Best School Day
U7160,user_3,Crime,Tourist Brings Loaded Guns To 9/11 Memorial
U9330,user_2,Education,"EduScholar Rankings: Where Education Policy Should Be Going, Versus Where It Is"
U6264,user_1,Entertainment,John C. Reilly Announces ‘Wreck-It Ralph 2’
U4394,user_1,Entertainment,Brad Pitt Praises Angelina Jolie For Her Strength During Health Battle
U9901,user_2,Education,Donald Trump Says Our Schools Are 'Flush With Cash.' They’re Falling Apart!
U2140,user_3,Crime,"No Evidence That Man Who Attacked Cop Was Part Of Organized Cell, FBI Says"
U1893,user_2,Education,"Arkansas Residents Jim And Alice Walton Pony Up $1,835,000 To Raise Charter Cap In Massachusetts"
U9430,user_2,Education,University Of Wisconsin-Inferior
U9941,user_2,Education,What Do We Know About the New SAT?
U5389,user_2,Education,When Graduating Yale Law School Isn't Enough.
U5923,user_3,Crime,DJ Fined For Playing 'F**k Tha Police' While Cops Cleared Out Bar
U8598,user_1,Entertainment,'Making A Murderer' Convict's Half Brother Releases Rap Track
U0055,user_1,Entertainment,Carey Mulligan Puts Oscars Statue To Shame In Golden Crop Top Gown
U2708,user_1,Entertainment,God and Life of Pi
U0834,user_3,Crime,"Jeremiah Oliver, Missing Boy, Was Supposed To Get Regular Social Worker Visits"
U2676,user_2,Education,"PARCC Is Down to DC Plus Ten States, and Louisiana Isn't One of Them"
U1212,user_1,Entertainment,New ‘Roseanne’ Teaser Makes Fun Of The Show’s Original Ending
U3512,user_3,Crime,Texas Executes First Inmate With New Batch Of Drugs
U7159,user_2,Education,Dear Secretary DeVos
U3299,user_2,Education,What Are Teachers Looking For When They Want To Leave Teaching?
U5235,user_2,Education,The Smartest Thing I've Ever Read About Consent
U2123,user_1,Entertainment,Here Are All The TV Shows You've Never Heard Of That Won Golden Globes
U3743,user_2,Education,Weingarten Wants Common Core; Lewis Says We're Done
U9945,user_2,Education,Betsy DeVos And Her 2015-16 School Choice Yearbook
U4519,user_2,Education,"If Charter Schools Don’t Reject This Doctrine, They’ll Cease To Be Labs of Innovation"
U3813,user_2,Education,Encouraging the Discouraged Reader
U9527,user_1,Entertainment,Justin Timberlake Opens Up About His Super Bowl Prince Tribute
U0273,user_3,Crime,Photos From The Townville Elementary Shooting Scene
U6670,user_3,Crime,Do College Towns Really Need Tanks to Keep Them Safe?
U2739,user_2,Education,Opposition Rallies Against Plan To Put Unqualified People In Classrooms
U0724,user_3,Crime,Gunman Kills Professor At Delta State University
U2315,user_3,Crime,Headless Body Found On Cape Cod Beach
U0203,user_1,Entertainment,Beyoncé Postpones Nashville Show Just Days After Formation World Tour Kicks Off
U3639,user_1,Entertainment,E! Reportedly Developing 'Jawbreaker' TV Series To Feed Your Appetite For Nostalgia
U6614,user_1,Entertainment,Kelly Clarkson Freaks Out Over Meeting Meryl Streep On Golden Globes Red Carpet
U7199,user_2,Education,Have Student Loans? Understand Your APR
U2019,user_1,Entertainment,Rocker Patty Smyth Sings 'Goodbye To You' To Donald Trump
U3800,user_3,Crime,Attorneys for 'Affluenza' Teen Ethan Couch Ask To Have Him Released
U8891,user_1,Entertainment,The Rock Has The Best Response To A Meme Calling Him Out
U8515,user_1,Entertainment,Benedict Cumberbatch Spoofs Apple's 1984 Commercial In 'SNL' Toilet Ad
U5735,user_3,Crime,Man Tries To Break Into Judge's Office Twice (VIDEO)
U8537,user_2,Education,The Global Search for Education: Oppi-tunities for Parents
U9521,user_2,Education,"Let's Talk About Teacher Retention, Not Tenure"
U5992,user_2,Education,Will Every Student Succeed? Not With This New Law
U9103,user_2,Education,"Reflections of an Octogenarian: Educational Reform, or Stop Me if You've Heard This One Before"
U1021,user_3,Crime,Is This Thief A Ninja Or Just Some Guy In A Leather Jacket?
U7428,user_2,Education,Jonathan Kozol's Death at an Early Age Is Still a Must-Read
U9635,user_1,Entertainment,The Improbable Success Of 'James Van Der Memes'
U1544,user_1,Entertainment,Taylor Swift Goes ‘Wandering' With Jaime King & Lorde
U8625,user_2,Education,University Of Wisconsin-Inferior
U3591,user_2,Education,Will Charters Really Try to Replace Suspensions With Win-Win Alternatives?
U0641,user_3,Crime,"Mother On Trial For Hitting, Pinching Toddler During Long Flight"
U0657,user_2,Education,"Reflections of an Octogenarian IV: Whatever Happened to the Core in the Core Curriculum? Now You See It, and Now You Don't"
U4633,user_2,Education,Happy Birthday America
U2195,user_2,Education,Giving Teenagers Weapons is NEVER a Solution
U6953,user_2,Education,"While Teachers Fight For Better Pay, West Virginia Lawmakers Discuss Opossums"
U8053,user_2,Education,West Virginia Teachers Are Making Sure Their Students Get Fed While They're On Strike
U0843,user_2,Education,"North Carolina, Your Teachers Are Worth More"
U9222,user_3,Crime,Woman Bashes Roommate With Hammer When She Backs Out Of Suicide Pact: Cops
U7949,user_1,Entertainment,Hilary Duff Publicly Drags Neighbor Who Keeps Her Up ‘All Night’
U1781,user_1,Entertainment,Milo Ventimiglia Strips Down To Raise Awareness For Breast Cancer On 'Ellen'
U9133,user_3,Crime,Louisiana Theater Shooter Identified As John Russel Houser
U8237,user_3,Crime,Florida Police Release Eerie New Surveillance Video In Hunt For Suspected Serial Killer
U4115,user_3,Crime,Canadian Judge Finds Radio Star Jian Ghomeshi Not Guilty Of Sexual Assault
U5090,user_2,Education,Looking Forward: E-Colors in Education
U3615,user_2,Education,"Preemptive Move Fails, Pearson Shareholders Turn On CEO"
U3370,user_2,Education,Why We Should Care About Boys and Young Men of Color
U0670,user_3,Crime,Officer Shoots Rock-Wielding Man At Dallas Airport
U2810,user_3,Crime,"NYPD Officer Stripped Of Badge, Gun After Deadly Road-Rage Shooting"
U0765,user_1,Entertainment,Conan Visits Haiti To Get A History Lesson And Prove Trump Wrong
U6447,user_3,Crime,Prison Officer Suspended In Connection With Escaped Killers
U4779,user_2,Education,"Graduation Rates Are Rising, but Too Many Students Are Still Falling Behind"
U2062,user_2,Education,Our Students. Their Moment. My A**!
U0903,user_3,Crime,"1 Dead, 7 Injured In Shooting At San Diego-Area Swimming Pool"
U2643,user_2,Education,Technology Is Bringing Back the Apprenticeship Model. It Just Has a Different Name - Mentoring
U7112,user_2,Education,The Global Search for Education:  Just Imagine Secretary Hargreaves
U5135,user_3,Crime,Cops Find $10 Million Worth Of Cocaine Inside Blinged-Out Horse's Head
U2651,user_2,Education,New York Governor Unveils Plan To Help Lower Income Students Afford College
U7127,user_2,Education,"At National Charter Conference, The Numbers Add Up -- Except When They Don't"
U0735,user_3,Crime,"Victor Joseph Espinoza, 425-Pound Gang Member, Allegedly Tried To Kidnap Boy: Police (VIDEO, PHOTO)"
U2314,user_3,Crime,Oregon Shooter's Mother Wrote About Guns In Online Forum
U1901,user_3,Crime,US Polygamist Busted In Mexico Following Deaths Of Three Young Americans
U4601,user_2,Education,Rethinking the College Mental Health Crisis: Do Bubble Wrap and Special Snowflake Myths Prevent a Vision for Needed Change?
U7409,user_1,Entertainment,"Spike Lee On Politics & Mitt Romney: 'There Will Be A Block Of People Saying, 'I Cannot Vote For A Mormon''"
U1169,user_1,Entertainment,Jodie Sweetin Has Finally 'Given Up' On An Olsen Twins Appearance In 'Fuller House'
U3664,user_1,Entertainment,Maggie Gyllenhaal Says What's Turning Her On In Golden Globes Speech
U8811,user_3,Crime,Trump Calls Central Park 5 Settlement A 'Disgrace'
U8256,user_3,Crime,Hunter Fatally Shoots Woman He Mistook For A Deer On Thanksgiving Eve
U8799,user_2,Education,Pearson Botches Mississippi Testing [Again]; Mississippi Immediately Severs Contract
U3467,user_3,Crime,Man Throws Chainsaws At Cops During High Speed Chase
U8921,user_3,Crime,David Adam Pate Charged With Murder Of South Carolina Man After Body Found In Woods
U1125,user_2,Education,A GI Bill for Millennials
U6350,user_3,Crime,"Joshua Hakken, Suspected Kidnapper, May Have Taken Sons To Sea In Sailboat"
U7872,user_1,Entertainment,Sarah Paulson's 'AHS' Hint Adds Evidence To Charles Manson Theory
U0465,user_3,Crime,Passing Driver Fatally Shoots Gunman Attacking Arizona State Trooper
U6372,user_1,Entertainment,Jury Sides With Led Zeppelin In 'Stairway To Heaven' Plagiarism Trial
U3522,user_1,Entertainment,Zaki's Review: 'Teenage Mutant Ninja Turtles' (2014)
U3154,user_1,Entertainment,Katy Perry's 'Part Of Me': Singer Reveals She Was Told To Lie About Song's Origins
U6835,user_2,Education,An Education That Starts With Morning Rhythms
U6890,user_3,Crime,Fourth Victim In Marysville Shooting Dies
U4802,user_2,Education,Why Critical Thinking Will Never Be on the Test
U1653,user_1,Entertainment,Adele's Isolated Vocals From 'SNL' Prove She's The Best Singer Out There
U6727,user_1,Entertainment,'Last Jedi' Director Explains How He Hid A Classic 'Star Wars' Easter Egg
U5519,user_2,Education,"Let's Talk About Teacher Retention, Not Tenure"
U6877,user_3,Crime,Thresholds Of Violence: How School Shootings Catch On
U3417,user_2,Education,Real Estate Ebb and Flow-Old to Young
U3112,user_3,Crime,"Limbo For Michael Slager, Ex-Cop Filmed Shooting Walter Scott In The Back"
U9408,user_3,Crime,"Children, Same-Sex Couple Identified In 'Horrific' Upstate New York Quadruple Homicide"
U9625,user_1,Entertainment,Kevin Hart Challenges Famous Friends To Help Victims Of Hurricane Harvey
U0028,user_2,Education,From Student to Teacher: The Rise of Singapore Education
U9864,user_1,Entertainment,NBC Can't Get Enough 'Peter Pan'
U2140,user_2,Education,If Ever There Was a Kid Born to Read
U5232,user_3,Crime,"Hawaii Man's Stealing Spree Includes 6 Ukuleles, 3 Vehicles: Police"
U9497,user_3,Crime,Man Jailed 6 Months Despite Alibi Showing Him Nowhere Near Murder
U9997,user_2,Education,"""Throwing Out the Clock"" on Teacher Education"
U6886,user_3,Crime,Brothers Arrested For Child Porn Fantasized About Killing: Cops
U2362,user_3,Crime,"Thief Does A Little Dance After Stealing Wallet From A Car, Gets Jailed"
U5476,user_2,Education,Parenting Debate: Tiger Mom vs.Teacher Mom -- Today
U1187,user_1,Entertainment,Adam Levine Performs 'Lost Stars' With Maroon 5 At The Oscars
U9974,user_3,Crime,"Man Mailed Dead Skunks, Raccoon To Rival For Job, Police Say"
U3083,user_2,Education,Desperate Law Schools Are Admitting Way Too Many Poorly Qualified Students
U6410,user_1,Entertainment,NBC News Technician Larry Edgeworth Dies Of Coronavirus Complications
U3369,user_3,Crime,Bystander Opens Fire On Suspected Home Depot Shoplifters
U3199,user_3,Crime,Bystander Opens Fire On Suspected Home Depot Shoplifters
U5736,user_1,Entertainment,Kim Cattrall Says Ellen Would Make A 'Fabulous' Samantha In 'Sex And The City 3'
U2590,user_2,Education,Michigan Schools: An Example Of Needed Vigilance Nationwide
U1881,user_3,Crime,Her Husband Killed 49 People In Orlando. Now She's On Trial For Terrorism.
U5358,user_2,Education,"Reading, Writing and Arithmetic"
U1418,user_3,Crime,Gunman's Hatred For Women Revealed In Chilling 'Manifesto'
U8588,user_1,Entertainment,That Shocking 'Walking Dead' Death Just Changed Everything
U1854,user_1,Entertainment,Howard Stern Tells Trump Voters What The President Really Thinks Of Them
U2961,user_3,Crime,Police Change Timeline Of Las Vegas Mass Shooting Again
U5997,user_1,Entertainment,Stevie Wonder Opens Hurricane Benefit By Slamming Climate Change Deniers
U8924,user_3,Crime,Brothers Blow Up House Celebrating Lottery Win In Kansas: Cops
U2772,user_1,Entertainment,Blac Chyna Lashes Out At Haters Criticizing Her Casual Pregnancy Look
U3660,user_2,Education,"Here’s How Washington, D.C. Can Drive Innovation In Education Throughout the Country—With No Strings Attached"
U9014,user_1,Entertainment,The 'Tomb Raider' Trailer Is Here And We Already Miss Angelina Jolie
U5768,user_3,Crime,Texas Bomb Suspect's Family 'Devastated And Broken'
U6298,user_2,Education,Letter to Jenny
U4406,user_2,Education,Why Marginalized Youth In Des Moines Need Spoken Word Poetry
U3652,user_2,Education,"By Trying to Reduce Class Sizes, We're Solving the Wrong Problem"
U2275,user_3,Crime,Prep School Rape Suspect Ignored Girl's 'No' Plea: Prosecutor
U3956,user_3,Crime,Remarkable Boston
U5503,user_2,Education,"At National Charter Conference, The Numbers Add Up -- Except When They Don't"
U7993,user_2,Education,Lesson for Urban Cities: How Chicagoans Stand Up for Quality Schools
U1232,user_1,Entertainment,Ryan Gosling and Bradley Cooper: The Place Beyond the Pines
U3205,user_2,Education,How We Do It: Success in the Classroom
U6352,user_3,Crime,Officer Charged With Murder In Shooting Death Of Justine Damond
U1732,user_1,Entertainment,Actor And Playwright Sam Shepard Dead At 73
U0637,user_2,Education,Just Another Brick in the Wall: How Education Researchers Ignore the Ends to Tweak the Means
U0009,user_1,Entertainment,Jimmy Kimmel Roasts Donald Trump Throughout Oscar Opening
U0134,user_1,Entertainment,Sam Richardson Thinks The 2016 Election Is More Absurd Than ‘Veep'
U0146,user_1,Entertainment,We Now Know What Happened To Emma Thompson And Alan Rickman's Characters From 'Love Actually'
U0547,user_2,Education,Homage to My Teachers
U5561,user_1,Entertainment,Bill Murray Moved To Tears Watching 'Groundhog Day' On Broadway
U8136,user_3,Crime,Suspect 'Calm And Laughing' After Allegedly Killing Vermont Social Worker
U7186,user_2,Education,Educating for Democracy: What Makes a 'Great Student'?
U7026,user_2,Education,The Global Search for Education: Our Top 12 Global Teacher Blogs -- What Will Be the Most Significant Classroom Innovation in the Next 10 Years?
U8983,user_2,Education,Year-Round Schooling: Why It's Time to Change
U5992,user_2,Education,Every Teacher Should Be Bad At Something
U5968,user_2,Education,Pennsylvania Legislature Plans To Take Away Teachers’ Sick Days
U5582,user_2,Education,Lessons for Parents on Pink Versus Blue Tech
U4024,user_3,Crime,Just Vengeance
U2802,user_1,Entertainment,Matthew McConaughey At Sundance: 'Mud' Star Will Never Give Up His 'All Right' Catchphrase
U3606,user_3,Crime,Another Gun Just Went Off In A School
U5050,user_1,Entertainment,Lili Reinhart Recalls Co-Worker Who 'Tried To Force Himself' On Her In Emotional Post
U0612,user_3,Crime,"Bail Set At $1.2 Milion For Ebony Wilkerson, Mom Who Allegedly Drove Kids Into Ocean"
U0664,user_1,Entertainment,Lauren Conrad Is A Beautiful Summer Bridesmaid
U5623,user_2,Education,3 Ways To Build Students' Analog Skills In The Era Of The Emoticon
U7018,user_3,Crime,Suspected Killer Of Little Girl Worked For Police
U9541,user_3,Crime,5-Year-Old Boy With Autism Vanishes Without Shoes Or Coat
U2003,user_2,Education,"On My First Friend, Kindergarten, And Diversity"
U4472,user_2,Education,Inheriting the Greek Language
U7162,user_2,Education,"Kids Are In School for About 15,000 Hours - Does How They Spend That Time Make a Difference?"
U1793,user_1,Entertainment,Go See '20th Century Women' This Weekend To Support Planned Parenthood
U0217,user_3,Crime,Memphis Police Find Almost 200 Misplaced Rape Kits From '70s
U1921,user_3,Crime,"Baltimore Tourist Robbed, Beaten On St. Patrick's Day, As Attack Caught On Camera (VIDEO)"
U3323,user_3,Crime,911 Dispatcher Tells Rape Victim To 'Quit Crying' (AUDIO)
U6426,user_3,Crime,"3 People Hurt In Alabama Church Shooting, Suspect Arrested"
U9256,user_3,Crime,A Mosque In Rhode Island Was Vandalized After The Nice Attacks
U3141,user_2,Education,"Inspired By Skid Row, Educator Opening Charter To Help LA's Homeless Children And Families"
U8824,user_1,Entertainment,Zaki's Review: Kingsman: The Golden Circle
U2321,user_2,Education,NCEE's Marc Tucker: Public Education Needs Accountability Overhaul
U9957,user_1,Entertainment,Here's What To Watch On Netflix Over The Holidays
U0805,user_1,Entertainment,'The Gray Man' Trailer: Gosling vs. Evans In Netflix's Most Expensive Movie Ever Made
U5336,user_3,Crime,"Lester And Petra Huffmire, Anaheim Couple, Allegedly Imprisoned Children In Mobile Home"
U3959,user_3,Crime,Man Accused Of Calling In Bomb Threats After Missing Flight
U7788,user_2,Education,The Compelling Need to Improve the Higher Education Value Equation
U8319,user_3,Crime,Police Arrest Mother Of Newborn Found Buried Alive
U0040,user_1,Entertainment,10 Albums That Need To Come Out Now
U7973,user_3,Crime,"Police Pull Over Swerving Stolen Van, Find Kids With Taped Mouths Inside"
U5080,user_2,Education,Should Schools Ban Cellphones?
U8377,user_3,Crime,"Angel Statue Beheaded At Church, $2 Million Relic Stolen"
U2334,user_3,Crime,"Woman's Last Words Before Alleged Killing: 'Whoa, You Scared Me'"
U0619,user_1,Entertainment,'SNL' Says Target Is Your Safe Space This Thanksgiving
U8383,user_1,Entertainment,This 'Harry Potter' Fan Film About Voldemort's Rise Is Better Than You Think
U8396,user_2,Education,Free Speech on Campus
U8411,user_3,Crime,Some Guy At A 'Muslim-Free' Gun Shop Accidentally Shot Himself
U7972,user_3,Crime,"New York Bomber Sought An ISIS-Inspired Attack With Failed Device, Investigators Say"
U3729,user_1,Entertainment,You Just Kinda Wasted My Precious Time: Dylan's Cold Apperance on Letterman a Let-Down
U5512,user_3,Crime,Oil Boom Leads To Crime Spike In Western State
U7290,user_1,Entertainment,The Worst Movies Of The Year
U1819,user_1,Entertainment,Burger King Flame-Grills Kanye West Over His Love For McDonald's
U0698,user_1,Entertainment,Andrew Garfield Confirms Method Acting Is Possible Without 'Being An Asshole'
U4998,user_1,Entertainment,TV Land Pulls 'Cosby Show' Repeats
U0437,user_2,Education,An Homage to 'Teachers'
U4345,user_2,Education,Our Fight for Justice
U1855,user_3,Crime,"Lac-Megantic Explosions, Fire Sparked By Train Derailment (PHOTOS, VIDEO)"
U0955,user_3,Crime,"Limbo For Michael Slager, Ex-Cop Filmed Shooting Walter Scott In The Back"
U5818,user_3,Crime,Deputies Fatally Shoot 6-Year-Old In His Home While Firing At Suspect
U3543,user_1,Entertainment,Nora Ephron's Lessons About Love: 10 Things The Legendary Writer And Director Taught Us
U4127,user_2,Education,9 Moves Every Twenty-Something Should Make to Be More Successful
U8641,user_2,Education,Flawed Voucher Plans Foreshadow Trump Administration's School 'Reforms'
U2191,user_3,Crime,"Street Magician Tried To Make Woman's Bikini Disappear, Police Say"
U7218,user_3,Crime,Woman Impaled By Umbrella While Celebrating Birthday At The Beach
U3426,user_3,Crime,Hero Firefighter Rescues 4-Year-Old Girl After She Falls From A Moving Bus
U6063,user_3,Crime,James Holmes Defense Make Final Appeal For Mercy
U0722,user_3,Crime,"Massachusetts Policeman Slain, Suspect Killed After Manhunt"
U3379,user_3,Crime,Officer Killed In Hit-And-Run
U1456,user_2,Education,This Bronx Educator Reminds Us Why Good Teachers Are Simply The Best
U4783,user_2,Education,The Character of My Boat
U4951,user_2,Education,Ohio Charter E-Schools Under Investigation
U9877,user_2,Education,"EduScholar Rankings: Where Education Policy Should Be Going, Versus Where It Is"
U7491,user_1,Entertainment,Isaac Hempstead Wright AKA Bran Had A Very Casual Response To 'Game Of Thrones' Finale
U2236,user_1,Entertainment,John Legend Sings As Chrissy Teigen Gets Her Ear Pierced
U6637,user_1,Entertainment,Kim Kardashian Recalls The Exact Moment She Found Out Rob Was Engaged
U2323,user_2,Education,Welcome Back To School: Listen To The Teachers
U4290,user_2,Education,Internship Ideas For Aspiring Journalists (Besides Editorial)
U0817,user_2,Education,Director Of Christian Organization Calls On Christians To Support Public Schools
U8658,user_3,Crime,"Georgia Executes Kenneth Earl Fults, Man Who Killed Neighbor"
U9264,user_1,Entertainment,Movie review: Wallander: The Revenge
U1011,user_2,Education,The Alt-Right Curriculum
U5631,user_1,Entertainment,This Is Spine-Tingling Good News For 'Stranger Things' Fans
U6999,user_3,Crime,"After Planned Parenthood Shooting, Another American Community Mourns"
U1270,user_2,Education,"By Trying to Reduce Class Sizes, We're Solving the Wrong Problem"
U1089,user_2,Education,Who Pays for Our Kids' Education?
U9266,user_3,Crime,Sharp-Eyed California Bus Driver Saves Boy Kidnapped From Library
U9655,user_3,Crime,Good News For Officer Shot In Face During Stop
U2603,user_2,Education,Godzilla vs. Godot
U1454,user_2,Education,Why Teachers Weren't Invited to the Table
U7274,user_3,Crime,Mom Arrested After Police Find Crying Child In Car Outside Maryland Casino On New Year's Eve
U6336,user_2,Education,16 Reasons Why I Love to Teach Creative Writing
U7524,user_3,Crime,Tina Alberson Guilty Of Causing Stepson Jonathan James' Dehydration Death
U6080,user_1,Entertainment,Blue Ivy Was The Highlight Of Beyoncé's VMAs Performance
U1354,user_1,Entertainment,'Gone Girl' Trailer Shows Anticipated Adaptation In New Light
U2867,user_1,Entertainment,"Writer Justin Sayre's 'I'm Gorgeous Inside' Is A Reclamation Of Sexuality, And An Ode To 'Nasty Women'"
U0515,user_3,Crime,Passenger Disarms Knife Attacker On London Bus In Dramatic Struggle
U4544,user_3,Crime,"Jaden Hanson, Abducted 3-Year-Old, Rescued In Missouri"
U4195,user_1,Entertainment,Dierks Bentley Weighs In On The 'Girl Crush' Country Radio Controversy
U0220,user_3,Crime,Domestic Murder and Murder-Suicide: It's Not About the Relationship
U8303,user_2,Education,Deconstructing The New SAT
U2858,user_2,Education,"For Mother's Day, Moms Need Quality Early Learning Opportunities"
U7269,user_3,Crime,Florida Extends 'Stand Your Ground' To Cover Warning Shots
U8880,user_2,Education,Where's the Science in Science Education?
U9717,user_2,Education,There's a Diploma for That
U9427,user_1,Entertainment,The Secret To Making 'Magic Mike XXL' Star Channing Tatum Strip
U1868,user_2,Education,DeVos Department Meeting Again Stalls Over Opposition To Livestreaming
U8176,user_3,Crime,Man Exonerated After 30 Years On Death Row
U8457,user_2,Education,Startup Students: A Look At How Teachers Can Invest In GenDIY
U0422,user_3,Crime,Police Hunt For California Couple Missing On Big Sur Trip
U6519,user_2,Education,DeVos Department Stacks Negotiations Deck With For-Profit College Lawyers
U8822,user_3,Crime,Man Fatally Stabs 3-Year-Old Daughter Before Hanging Himself In Murder-Suicide: Police
U2330,user_1,Entertainment,New Album From Jay-Z Offers Highs And Lows
U0774,user_1,Entertainment,Matthew McConaughey Goes Full McConaughey While Talking Bourbon
U1259,user_2,Education,News For High Schools: Digital Media Plus Teaching Equals Support For Freedom
U7451,user_3,Crime,Mom Charged In Disabled Child's Death Could Get $1 Million
U8284,user_2,Education,Holding Universities Accountable
U7912,user_1,Entertainment,Melissa McCarthy Shares The Ultimate Girl Power Photo From The Set Of 'Ghostbusters'
U1182,user_3,Crime,Man Claims He's Infamous Alcatraz Escapee In Newly Surfaced Letter
U8023,user_1,Entertainment,"Kids Tell Their Overweight Father:  'Daddy, I Don't Want You To Die'"
U7700,user_2,Education,"The Trump Education Budget Will Dangerously Favor ""Fast Food"" Teachers"
U9524,user_3,Crime,"Justin Kowalczik, 17-Month-Old, Found Dead, Buried In Long Island Backyard; Robert Rodriguez Eyed"
U5862,user_1,Entertainment,Steely Dan Founder Donald Fagen Charged With Assaulting Wife
U3452,user_1,Entertainment,HBO Might Be Coming After You If You Watched Those Leaked Episodes
U2604,user_3,Crime,"Colorado Springs Shooting Rampage Leaves 4 Dead, Including Gunman"
U6376,user_2,Education,Arts Based Learning of STEM Works Says NSF Funded Research Firm
U9900,user_1,Entertainment,We Dare You Not To Laugh At This Ridiculous 'Doctor Who' Video
U3693,user_1,Entertainment,"James Corden Delivers Powerful, Heartfelt Message On The Tragedy In Barcelona"
U4454,user_2,Education,Making Students Pledge To The Test
U2354,user_3,Crime,17-Year-Old Allegedly Kills Staffer In Escape Attempt From Troubled-Teen Facility
U0764,user_1,Entertainment,'Farmland' Should Win Awards as Best Documentary
U6044,user_2,Education,Betsy DeVos And Her 2015-16 School Choice Yearbook
U3366,user_1,Entertainment,Kris Jenner Celebrated Her 59th Birthday In Vegas
U8304,user_1,Entertainment,Blue Ivy Tells Beyoncé And Jay-Z To Quiet Down At The Grammys
U8296,user_2,Education,A Teacher's Unlikely Crush (on an eReader)
U9972,user_1,Entertainment,"Sally Field Doesn't Know How To Strike A Pose In This Extended 'Hello, My Name Is Doris' Scene"
U3367,user_3,Crime,"Lax Supervision Plagued Officer Sex Cases, AP Investigation Finds"
U5901,user_2,Education,Thomas Whitby's Ascent As a Connected Educator
U2729,user_2,Education,Testing Opt Out: Parent Wants Conference; School Calls Police *Just in Case*
U8362,user_2,Education,Teaching About Totality and about Charlottesville
U7575,user_1,Entertainment,Taylor Swift Says She Was 'Slaughtered' For Dating Famous Guys In Her Early 20s
U0734,user_3,Crime,Finance Worker Allegedly Said He Fatally Stabbed His Small Pet Dog In Self-Defense
U0577,user_3,Crime,Prison Officer Suspended In Connection With Escaped Killers
U1871,user_2,Education,Making School Reform a True Civil Rights Movement
U2297,user_2,Education,The Case for Online Education
U8909,user_1,Entertainment,Jimmy Fallon To Host 'Tonight Show' For Six More Years
U1286,user_1,Entertainment,Defamation Suit Against Bill Cosby Dismissed
U5652,user_1,Entertainment,Netflix's 'Single All The Way' Trailer Has Holiday High Jinks And Jennifer Coolidge
U7255,user_3,Crime,"Orlando Vigils Around The World Fight Hate With Love, Unity"
U5240,user_3,Crime,"What to Watch for in the FIFA Case, Part 5: Vague Laws and Prosecutorial Discretion"
U6341,user_2,Education,New Mexico Charter School CEO Steals Public Money For 15 Years. How’s That For Oversight?
U1384,user_1,Entertainment,"'American Horror Story' Season 8 To Be Set In The Very Near, Very Scary Future"
U5662,user_1,Entertainment,Grey's Anatomy Recap: The Audacity of Ellis Grey in 'Only Mama Knows'
U0534,user_2,Education,Teaching The Not Visible
U7426,user_3,Crime,Jerry Sandusky Guilty: Verdict Reached In Child Molestation Trial Of Former Penn State Football Coach
U9627,user_3,Crime,Cop In Ferguson Suspended For Video Of Bigoted Views
U0547,user_2,Education,Chuck E. Cheese’s Now Offers 'Sensory Sensitive Sundays' For Special Needs Children
U5472,user_1,Entertainment,'Saturday Night Live' Now Has Its First Black Head Writer Since ... EVER
U8480,user_2,Education,"If Life Is a Game, What Are the Rules?"
U0167,user_1,Entertainment,Usher's 4th Of July Fireworks Playlist Draws Ire For Using Too Many Usher Songs
U0193,user_2,Education,Exclusive: Data Show Charter School Students Graduating From College At Three To Five Times National Average
U6691,user_3,Crime,San Francisco-Area Police Beating Of Stanislav Petrov Leads To Lawsuit
U7154,user_3,Crime,Amber Alert Issued After Texas Girl Vanishes From Prayer Service
U7894,user_2,Education,I Was Blocked From Facebook For Criticizing School Privatization
U2756,user_1,Entertainment,"Marilyn Manson Accused Of Spitting, Blowing Snot On Woman"
U8210,user_1,Entertainment,"Patti LuPone, Ben Platt Salute Broadway At The Grammys"
U0388,user_3,Crime,Pokemon Geeks Bring Guns To Championship: Cops
U0171,user_2,Education,Don't Raise The Massachusetts Charter Cap Just Yet
U2116,user_1,Entertainment,Blac Chyna And The Kardashians Buried The Hatchet At Dave & Buster's For Khloe’s B-Day
U5436,user_3,Crime,"Matthew Robinson, Disabled Army Veteran, Attacked By Teens On Cleveland Bus: Police"
U6699,user_2,Education,Real Estate Ebb and Flow-Old to Young
U9724,user_3,Crime,"Mass Shooting At New York Halloween Party Leaves 2 Dead, 5 Injured"
U1436,user_1,Entertainment,Movie Review: A Cat in Paris
U3341,user_1,Entertainment,Lea Michele Pays Tribute To Cory Monteith 8 Years After His Death
U7186,user_2,Education,How to Introduce Humor Into Your Wellness Program... and Your Approach to Life
U3607,user_1,Entertainment,One Thing You Missed On 'Game Of Thrones' Hints At A Major Death
U0633,user_1,Entertainment,'Glee' Star Kevin McHale Comes Out By The Power Of Ariana Grande
U9933,user_2,Education,Everything You Need To Know About Applying for Student Loans
U3435,user_1,Entertainment,Scott Baio Wants Donald Trump To 'Relentlessly Attack' Hillary Clinton
U6669,user_2,Education,Of Teachers and Educational Technology
U0866,user_1,Entertainment,Chrissy Teigen Comes For Her Haters With Hilarious Thanksgiving Clapbacks
U9306,user_3,Crime,Scuba Diver Killed While Exploring Deadly Underwater Caverns
U5380,user_2,Education,Cyber Citizenship Heads to Texas Public Middle Schools
U5353,user_1,Entertainment,"Mariah Carey Plans Surprise Album, Ruins Surprise"
U4060,user_2,Education,"Labor Day's  4 ""Work""  Steps for Love"
U4411,user_3,Crime,Cop Pleads Not Guilty In Killing Of Sam DuBose
U6499,user_2,Education,University Of Arizona Prevented Coronavirus Outbreak On Campus By Testing Wastewater
U3456,user_2,Education,Encouraging the Discouraged Reader
U0325,user_2,Education,The Political Is Personal: How The GOP Tax On Tuition Waivers Would Affect My Students
U5700,user_3,Crime,Sheriff Wants To Make It Hard For Heroin Dealers To Sleep At Night In Bizarre Video
U9120,user_1,Entertainment,Gymnast Laurie Hernandez And Val Chmerkovskiy Win 'Dancing With The Stars'
U4922,user_3,Crime,Accused Charleston Shooter Talked About Attacking College: Friend
U5698,user_2,Education,3 Tips for A Happy Financial New Year
U7689,user_3,Crime,Photos Show 'Person Of Interest' Linked To Body Parts In Suitcase
U3250,user_2,Education,"The Focus Room, and the Other Side of the Story"
U6410,user_1,Entertainment,Kristin Davis Reveals She Auditioned For A Major 'Friends' Role
U5308,user_1,Entertainment,Celebs Welcome Spring Weather By Breaking Out The Bikinis
U7675,user_1,Entertainment,How Universal Studios Hollywood Uses Krusty Burger  to Keep Theme Park Guests from Peeking at Harry Potter
U8922,user_2,Education,The Elephant in the School Failure Debate
U4531,user_1,Entertainment,Miss Piggy Sings A Lauryn Hill Classic In This Glorious New Mashup
U4004,user_2,Education,The Teacher as Expert Movement
U7284,user_1,Entertainment,People Are Upset (Yawn) That Malia Obama Skipped The DNC For Lollapalooza
U5769,user_1,Entertainment,Anthony Blasted Lee's 'Invisible Racism' On 'The Bachelorette' During 'Men Tell All'
U9195,user_3,Crime,"5 Men Gang Raped Woman In New York Park, Police Say"
U2770,user_3,Crime,"13 Shot, 10 Dead In 'Racially Motivated Hate Crime' At Buffalo Supermarket: Sheriff"
U2362,user_3,Crime,Prosecution Rests In Sex-abuse Trial Of Ghislaine Maxwell
U5207,user_3,Crime,Prisoner Takes Down Fellow Inmate During Vicious Attack On Officer
U5606,user_1,Entertainment,"Harry Potter Grows Up, Gets Horny: Director Alexandre Aja Talks Horns -- The CFQ Interview Podcast"
U2413,user_1,Entertainment,And Now Kid Rock Wants People To Sign Up To Vote At His Concerts
U4080,user_2,Education,What We Feed Students -- But Also How We Feed Them
U0401,user_1,Entertainment,Eric Clapton Is Now Funding An Anti-Vaccine Band For 'Great Work' They're Doing
U6405,user_1,Entertainment,Hip Hop Hooray: A Wonderful Glimpse Into a Cultural Phenomenon
U0889,user_3,Crime,"Suspected MS-13 Gang Member Arrested In Park Stabbing, Dismembering: Cops"
U8222,user_1,Entertainment,Grace VanderWaal Celebrated Turning 13 In Style
U7370,user_2,Education,Don't Bother With Yale: Even the Most Excellent Sheep are Still Part of a Herd
U0497,user_1,Entertainment,Watching Leslie Jones Watch The Olympics Is Better Than The Actual Olympics
U6085,user_3,Crime,Jury Awards $3 Million In Damages Over Rolling Stone Rape Story
U3316,user_2,Education,There's a Diploma for That
U8493,user_1,Entertainment,What's New On Netflix In March 2016?
U4906,user_1,Entertainment,Theater: 'Bare'-ly Catholic; A Too 'Civil' Christmas; Decent 'Drood'
U8798,user_1,Entertainment,Steven Spielberg & James Bond: Director Says He Was Denied Chance To Direct 007 Film
U6223,user_3,Crime,Top Aides Were Aware Of Laquan McDonald Details Months Before Emanuel Says He Knew
U1304,user_1,Entertainment,Demi Lovato Performs 'Cool Summer' In Bra Top And Gladiator Boots
U5073,user_1,Entertainment,"James Gunn To Write, Possibly Direct, Next 'Suicide Squad' Film"
U5977,user_3,Crime,Las Vegas Shooter Had 50 Pounds Of An Explosive Substance In His Car
U9989,user_2,Education,Community College and the American Dream
U8370,user_2,Education,Brainstorming Middle School
U2277,user_2,Education,Set To Stun
U5047,user_3,Crime,New Mexico Library Accuses Couple Of Urinating On Qurans
U3668,user_1,Entertainment,"Donald Trump, Please Remember Your Past Interest In The Environment"
U8545,user_2,Education,The Elementary Education Of Donald Trump
U2659,user_1,Entertainment,'Billions' Creators On Season 2 And The Looming Influence Of Trump
U7690,user_2,Education,10 Ways to Inspire a Love of Learning
U8261,user_1,Entertainment,"Filming Killing: 'Silvered Water, Syria Self-Portrait' by Ossama Mohammed and Wiam Simav Bedirxan"
U1746,user_3,Crime,Dallas County To Start Confiscating Guns From Domestic Abusers
U4634,user_2,Education,Educational Reform: Ten Exercises in Heart Intelligence
U9538,user_2,Education,Texas District Says Students Protesting Gun Violence Will Get Suspended
U5450,user_2,Education,Toronto Cancels U.S. Class Trips Due To Trump Travel Ban Concerns
U1140,user_3,Crime,Body Found In Barrel Near City Hall
U0855,user_2,Education,BerkleeICE & beIN SPORTS Create The Soundtrack Of Copa America
U7773,user_3,Crime,Man Found Adrift In Ocean A Week After Vanishing With Mom
U3308,user_3,Crime,Charleston Shooter Dylann Roof Confesses In Chilling Video: 'I Did It'
U8919,user_3,Crime,Eyewitnesses Recount Gunfire At Las Vegas Shooting: 'The Shots Just Kept Going'
U9386,user_2,Education,Michigan Schools: An Example Of Needed Vigilance Nationwide
U8620,user_1,Entertainment,Paul Simon's Graceland Turns 25 -- Part Three: The Boycott
U4346,user_1,Entertainment,What Happened When Shonda Rhimes Was Called An 'Angry Black Woman'
U1414,user_3,Crime,​A ​Courageous Reporter And A Corrupt Chinese Communist Official
U2227,user_1,Entertainment,7 Celebrity Face Swaps That'll Definitely Give You Nightmares
U5335,user_2,Education,My Students Don't Need More Debt
U9073,user_2,Education,An Obituary for an Unattained Education Goal
U3718,user_1,Entertainment,Jeff Bridges Brings The Dude Back For One Night
U5507,user_3,Crime,Warrant Issued In Case Of Mutilated Exotic Dancer
U5465,user_1,Entertainment,Dan Rather Faces A Hard 'Truth' In Exclusive Clip Featuring Cate Blanchett And Robert Redford
U9552,user_1,Entertainment,Kris And Bruce Jenner Finally File For Divorce
U7452,user_1,Entertainment,Kevin Smith Announces 'Jay And Silent Bob Reboot'
U8488,user_2,Education,What's The Future Of Corporate School Reform During The Trump Administration?
U3417,user_2,Education,"For Effective Education Policy, Listen to Effective Teachers"
U2537,user_3,Crime,"Frederick Hengl Pleads Not Guilty To Killing, Cooking Wife"
U4506,user_2,Education,The True Story of Public Education in America
U0270,user_3,Crime,Tipsters Help Cops Search For Motive In Theater Attack
U4218,user_3,Crime,Prison Escapee Caught In Florida After 56 Years On The Run
U8450,user_1,Entertainment,First 'Captain America: Civil War' Trailer Revealed At D23 Expo
U6755,user_2,Education,The Global Search for Education: Creative China
U5106,user_3,Crime,DJ Played Snorting 'Peppa Pig' Theme To Cops; They Weren't Happy
U5412,user_1,Entertainment,'Bohemian Rhapsody' As A Live-Action Film Is A Frightening Crime Drama
U1246,user_3,Crime,Robbers Who Make Victims Strip Still On The Loose
U7094,user_1,Entertainment,Mac Miller Totally Destroys Donald Trump On 'The Nightly Show'
U9304,user_1,Entertainment,Charles Dance Just Dropped A Major 'Game Of Thrones' Spoiler
U8154,user_2,Education,What Little League Baseball Tells Us About the Skills Gap
U6746,user_1,Entertainment,Jennifer Aniston Shares Behind-The-Scenes Photos From 'Friends' Reunion
U4785,user_2,Education,Ravitch Responds To DeVos And School Privatization
U6670,user_1,Entertainment,"After Mueller Report, Jim Carrey Sarcastically Asks: 'How Could I Be So Wrong?'"
U8448,user_3,Crime,Gunmen 'Execute' Ex-Gang Member Months After Obama Commuted His Sentence: Cops
U7474,user_2,Education,"Kindergarten Readiness, Part 2"
U3541,user_1,Entertainment,This Political 'Captain America' Mashup Is The Perfect Election Explainer
U2812,user_1,Entertainment,Sandy Hook Choir & Super Bowl: Children Join Jennifer Hudson For 'America The Beautiful'
U6436,user_1,Entertainment,You Can Now Stream 'The O.C.' In Its Entirety On CW Seed
U1014,user_3,Crime,Girl Hospitalized After Getting Boiling Water Poured On Face At Sleepover
U8264,user_3,Crime,Autopsy Shows Police Shot Zachary Hammond In The Back And Side
U9850,user_1,Entertainment,A Wrenching New Ferguson Documentary Asks: How Can We Start A Revolution?
U1030,user_1,Entertainment,"In The 'Bad Moms Christmas' Trailer, The Bad Moms' Moms Are Crashing The Party"
U7870,user_3,Crime,Martin Shkreli's Former Lawyer Convicted Of Helping Him To Defraud Pharmaceutical Firm
U5518,user_3,Crime,New Video Evidence Emerges In Waco Biker Shooting
U7101,user_2,Education,6 Things That Barack Obama Did for P-20 Education in 2014
U7241,user_3,Crime,Report: 2 Baylor Football Players Investigated After Sexual Assault Accusations
U9164,user_2,Education,Separation of Church and State -- Part 2: The Tartuffe Factor
U8320,user_2,Education,"Art is essential, not extra"
U1397,user_1,Entertainment,"Heather North, Who Voiced Scooby Doo's Daphne, Dies at 71"
U5363,user_2,Education,Addressing the Student Debt Crisis: We Can Do More to Encourage Responsible Borrowing
U7129,user_1,Entertainment,"Chrissy Teigen And John Legend Are Ready, Set, Go For Baby No. 2"
U0401,user_1,Entertainment,Someone Spotted A New Pixar Easter Egg From 'The Good Dinosaur'
U5299,user_2,Education,'What’s A White B*tch Like You Doing In A School Like This?'
U5421,user_2,Education,Teach Kids About Africa as if Our Lives Depend Upon It -- and Maybe They Do
U0014,user_3,Crime,He Knew He Was About To Die. So He Sent A Heartbreaking Message To His Family.
U9884,user_2,Education,Technology Is Bringing Back the Apprenticeship Model. It Just Has a Different Name - Mentoring
U5094,user_2,Education,Developing Resiliency in Lethal School Violence Prevention - Part 1 of 2
U8034,user_3,Crime,Pregnant Woman Robbed While Having Labor Contractions
U9856,user_1,Entertainment,Mo Rocca Counsels College Grads To Take It Slow In Heartfelt Commencement Address
U9340,user_2,Education,Beyond Principals: Leadership Assessment Tools for All Educators
U3639,user_2,Education,"Yes, Hamilton Was Magnificent, But Dinner With Voltaire Was Better"
U7675,user_1,Entertainment,Taylor Swift Pulls All Her Albums From Spotify
U5107,user_2,Education,Celebrating July Fourth Should Mean Questioning United States History
U0821,user_2,Education,Field Guide To Choice Advocates
U8292,user_3,Crime,Officer Caught On Video Punching Woman Resigns
U1993,user_1,Entertainment,Iggy Azalea Says Nick Young Will Have 'Half A Penis' If He Cheats On Her
U5050,user_2,Education,The Ultimate Demise of Common Core - Part I: The Politics
U8332,user_1,Entertainment,Here's The Funniest Thing Donald Trump Has Said Yet
U3160,user_1,Entertainment,Ex-Employee Testifies He Now Doubts R. Kelly Abuse Denials
U0395,user_2,Education,Parkland School District Votes Against Arming Teachers
U8911,user_1,Entertainment,Great Conversations: Paz Vega
U1336,user_2,Education,Are Common Core Standards Actually Data Tags?
U6340,user_2,Education,Doing vs. Thinking: Valuable PhD Transferable Skills
U6295,user_2,Education,Diversity in the Legal Profession Begins With Law School
U2819,user_2,Education,The Global Search For Education: The Millennial Bloggers - What Next After Brexit And The US Election?
U3721,user_2,Education,Best School Day
U4454,user_3,Crime,Police Search For Gunman Who Killed 5 At Mall In Washington State
U7673,user_1,Entertainment,"Magic Of Dragon’s Blood: Natti Vogel Chats New Music, Authenticity, And Day-To-Day Mysticism"
U2882,user_1,Entertainment,What a Wonderful World: Documentary Is Alive and Well -- For Now
U9338,user_2,Education,Safety Is A Top Concern For Indian Students Admitted To US Schools For Fall: Report
U7001,user_1,Entertainment,Mel B Gets 'Revenge' By Stabbing Simon Cowell In 'AGT' Act
U0156,user_1,Entertainment,John Krasinski Needs Help Unbuckling His Seatbelt In This Exclusive Clip
U3150,user_1,Entertainment,Jared Leto Recalls Shock At Emerging From Silent Retreat Into Full-Blown Pandemic
U7167,user_3,Crime,Why Tsarnaev May Never Make It To The Death Chamber
U3396,user_1,Entertainment,"'American Horror Story' Renewed For Season 7, Which Means Jessica Lange Could Come Back"
U3069,user_2,Education,"Yes, It Is True! I Don't Like School Choice! I Admire Teachers' Unions!"
U2530,user_3,Crime,Deputy Investigated After Girlfriend Shoots Herself With His Gun
U0866,user_2,Education,"Double Standard, Double Spacing"
U2041,user_3,Crime,Heather Elvis Missing: 2 In Custody As Hundreds Search For South Carolina Woman
U0440,user_2,Education,"Parents, Share Your Story: How Do You Empower Student Learning?"
U6176,user_3,Crime,"Dayton Air Show: Wing Walker Plane Crash Reported, 2 Dead"
U6850,user_2,Education,Circle Up: Teaching Social-Emotional Skills Year Round
U1947,user_2,Education,Some Details on the Senate-Proposed ESEA Reauthorization
U3499,user_1,Entertainment,Best Holiday Film: It's a Wonderful Life
U0943,user_3,Crime,"Burglars Ram Truck Into Gun Store, Loot Stash Of Weapons: Police"
U1599,user_1,Entertainment,Kim Zolciak Hits The Beach In A Teeny Green Bikini
U7419,user_3,Crime,The Bizarre Plot To Blow Up Target Stores To Tank Company Stock
U9461,user_3,Crime,Holmes' Lawyers Object To Testimony That's Too 'Upsetting'
U0185,user_3,Crime,FBI arrests brother of San Bernardino terrorist and 2 others on marriage fraud charges
U9231,user_2,Education,Why Don’t My Students Want To Be Facebook Friends Any More?
U0742,user_3,Crime,Boy Scouts Face Release Of Damaging Child Sex Abuse Files
U9270,user_1,Entertainment,Kelly Marie Tran Wore Gown From Vietnamese Designer To 'The Last Jedi' Premiere
U4623,user_2,Education,"Arkansas Residents Jim And Alice Walton Pony Up $1,835,000 To Raise Charter Cap In Massachusetts"
U5573,user_3,Crime,Steubenville Rape Trial Verdict To Be Handed Down Today
U9020,user_1,Entertainment,Screenplay for a 60th Wedding Anniversary
U3861,user_1,Entertainment,Fans Freaked Out When Jon Snow Met Daenerys On 'Game Of Thrones'
U0243,user_1,Entertainment,"Kanye West's 'Black Skinhead' To Serve As First Single, Music Video Off 'Yeezus'"
U0192,user_1,Entertainment,Bask In The Glow Of Adele Telling Critics To 'Suck My Dick' Mid-Concert
U6830,user_1,Entertainment,"27 Perfect Tweets About 'The Bachelorette' Season 13, Episode 6"
U0768,user_1,Entertainment,Tracy Morgan To Host 'Saturday Night Live' This Fall
U3576,user_2,Education,Weingarten Wants Common Core; Lewis Says We're Done
U3318,user_3,Crime,Man Accused Of Calling In Bomb Threats After Missing Flight
U3393,user_2,Education,"As Schools Adopt Social-Emotional Programs, A New Harvard Guide Offers Help"
U8314,user_3,Crime,Mom Charged In Disabled Child's Death Could Get $1 Million
U0278,user_2,Education,5 Options Allow GenDIY to Rethink College
U1955,user_3,Crime,"Texas Executes Adam Ward, Man Who Killed City Worker"
U2725,user_2,Education,Pennsylvania Legislature Plans To Take Away Teachers’ Sick Days
U8799,user_2,Education,Details of Duncan Equity Equality Plan
U9788,user_1,Entertainment,Ben Affleck And Matt Damon Join Forces With Verizon For Reality Show 'The Runner'
U0453,user_3,Crime,'Speed Freak Killers' Investigation Uncovers Another Body
U1748,user_1,Entertainment,Dog or Lena Dunham?
U2741,user_2,Education,Inland Empire Early College Paves Pathway to Postsecondary
U8809,user_3,Crime,2 Louisiana Deputies Charged In Shooting Death Of Man In Parked Car
U0405,user_2,Education,Betsy DeVos And Her 2015-16 School Choice Yearbook
U4135,user_3,Crime,Suspected Killer Of Little Girl Worked For Police
U2658,user_3,Crime,Families Speak Out About WDBJ Shooting Victims
U8403,user_2,Education,Free School Lunches Kept Me From Starving
U8364,user_2,Education,The Leader in You: A Poem
U8978,user_1,Entertainment,10 things you didn't know about author Brad Meltzer
U4123,user_2,Education,A Hack for Improving High School: Combine it With College and Career
U7016,user_2,Education,Why I Wrote a Novel About Tenure
U0139,user_3,Crime,LAPD Chief: Carnell Snell Jr. Was Holding Gun Before Fatal Police Shooting
U4090,user_3,Crime,NYPD Union Has Attacked Every Mayor In Recent History
U4328,user_1,Entertainment,A 'Walking Dead' Change Sets Up Surprising Romance
U7606,user_2,Education,Separation of Church and State -- Part 2: The Tartuffe Factor
U1195,user_1,Entertainment,'Avengers: Infinity War' Footage May Confirm Major Rumor About Captain America
U0061,user_1,Entertainment,People Can't Get Over This Photo Of Michael Bublé Incorrectly Eating Corn
U4644,user_3,Crime,Hawaii Soldier Accused Of Conspiring With Lover To Kill Wife
U3984,user_1,Entertainment,Weekend Box Office: 'A Good Day To Die Hard' Wins The Weekend
U3868,user_1,Entertainment,Let's Live Blog The 2014 Emmys
U2682,user_3,Crime,Students Charged After Tiny Explosive Found At Middle School (UPDATE)
U5266,user_1,Entertainment,Florida Georgia Line Says Working With The Backstreet Boys Was 'A Bucket List Collaboration'
U4955,user_3,Crime,"Robert Durst Pleads Guilty To Gun Charge, Setting Up Possible Murder Trial"
U5745,user_2,Education,What Trump World Schools Look Like
U1410,user_3,Crime,Arrest Made In Death Of College Student Beau Solomon In Italy
U3279,user_2,Education,Home Ec 2.0: How Cooking Could Save Our Lives (and Jobs)
U5483,user_2,Education,Swearing an Oath -- Part 1
U2566,user_1,Entertainment,Listen To Taylor Swift Sing A Stripped-Down Version Of 'Out Of The Woods'
U3431,user_1,Entertainment,"Brangelina Send Handwritten Love Letters To Each Other (Yes, Really)"
U9185,user_1,Entertainment,Kelly Marie Tran Promotes 'The Last Jedi' In Traditional Vietnamese Garb
U2394,user_3,Crime,Man Jailed in Suspected Hate Crime After Mosque Worshiper Is Stabbed in California
U5073,user_2,Education,A Teacher's Labor Day Plea to School Reformers
U0903,user_3,Crime,Child Sex Offender Awarded Joint Custody Of Victim’s Kid: Attorney
U9537,user_3,Crime,"Ryan Lanza Facebook Chat A Hoax, Says Lanza Family (UPDATED)"
U1014,user_1,Entertainment,Stephen Colbert Gives Kevin McCarthy An X-Rated New Description And... Um...
U5608,user_3,Crime,Who Wanted This Dentist Dead?
U5684,user_1,Entertainment,Kate Hudson's Matthew McConaughey Impression Is Spot On
U6556,user_2,Education,'Sesame Street' Wins $100 Million Grant To Create Programming For Refugee Children
U3574,user_3,Crime,"Another Sandy Hook Playground Is Desecrated, and a Connecticut Woman Springs Into Action"
U3830,user_3,Crime,Someone Set Fire To The Orlando Shooter's Mosque On One Of The Holiest Days Of The Year
U2542,user_3,Crime,'It Doesn't Matter Where You're At -- People Have Guns Everywhere'
U0637,user_2,Education,The Political Is Personal: How The GOP Tax On Tuition Waivers Would Affect My Students
U5916,user_1,Entertainment,One Of The Most Important Parenting Decisions You Can Make
U5403,user_1,Entertainment,Zosia Mamet Has One Question When Offered Roles: 'How Are They Depicting Women?’
U6262,user_1,Entertainment,Armie Hammer And His New Mohawk Haircut Are Isolating In Cayman Islands
U0869,user_2,Education,Teaching Gatsby Under Obama Was Eerie. Teaching It Under Trump Is Crushing
U4288,user_1,Entertainment,Donald Trump Finally Explains Why He Doesn't Apologize
U6698,user_1,Entertainment,Adam Levine Serenading His Wife Is Too Cute To Handle
U4850,user_2,Education,Children Forced To 'Deal With It' And Bundle Up As Classrooms Lose Heat
U4958,user_1,Entertainment,Justin Bobby Reveals The Realest Person On Fake Reality Show 'The Hills'
U7767,user_1,Entertainment,Brazilian DJ Killed When Festival Stage Collapses During Performance
U7972,user_3,Crime,Warrant Issued In Case Of Mutilated Exotic Dancer
U6836,user_2,Education,Cyber Citizenship Heads to Texas Public Middle Schools
U0894,user_3,Crime,"Priest Collared For Requesting Oral Sex In The Park, Sheriff Says"
U2938,user_1,Entertainment,Donald Glover Did What Any Fan Would Do After Being Cast In 'Solo'
U2319,user_2,Education,Florida's Teacher Gap Is No Mystery
U6072,user_2,Education,11 Rights All Students (Should) Have
U2268,user_2,Education,Cyberbullying's Impact on Our Children and What Schools Can Do
U9870,user_1,Entertainment,"Chrissy Teigen, John Legend And The Tale Of The Missing Toilet"
U2456,user_3,Crime,Teen Allegedly Held Captive Is 'Feeling A Lot Better'
U2590,user_2,Education,"In Annual Newsletter, Gates Goes Silent On Education"
U3106,user_2,Education,Seven Ways DeVos Has Failed Higher Education
U6380,user_1,Entertainment,Debra Messing Doesn’t Want You To Freak Out About A ‘Will & Grace’ Revival Just Yet (UPDATE)
U6399,user_1,Entertainment,The First Date Of 'The Bachelor' Featured A Weird Gifting Suite Full Of Gowns
U3409,user_1,Entertainment,Susan Sarandon Defends Ariana Grande's Bizarre Doughnut Licking On Twitter
U5579,user_1,Entertainment,Nick Carter Opens Up About His Sister's Death On 'Dancing With The Stars'
U1061,user_1,Entertainment,Pauley Perrette's Abby Has Heart-Wrenching Farewell On 'NCIS'
U8483,user_3,Crime,Dog Found Alive With Crossbow Bolt Shot Through Head (GRAPHIC PHOTOS)
U7980,user_1,Entertainment,Roseanne Jokes Her National Anthem Was 'Better' Than Fergie's
U8030,user_2,Education,When Graduating Yale Law School Isn't Enough.
U4019,user_3,Crime,Teen Charged With Raping 7-Year-Old Girl On School Bus
U3796,user_2,Education,5 Student Loan Tips for Recent College Graduates
U7865,user_1,Entertainment,Kevin's Addiction Will Surely Signal New Revelations About Jack On 'This Is Us'
U1571,user_3,Crime,Search Underway After Texas Woman Falls Off Carnival Cruise Ship
U3374,user_1,Entertainment,Kate Middleton And Prince William Addressed A BBC Host Over Princess Charlotte Jokes
U1739,user_3,Crime,Indiana Officer Fatally Shot By Man In Overturned Car He Was Trying To Save
U5185,user_3,Crime,Listen To Angry Woman Dial 911 Over Wrong Pizza Toppings
U2081,user_1,Entertainment,Valerie Harper Hospitalized Before Stage Performance
U8744,user_1,Entertainment,Wiz Khalifa Allegedly Arrested For Riding Hoverboard At LAX
U2874,user_3,Crime,2 Pennsylvania Drug Counselors Die Of Opioid Overdoses
U5709,user_2,Education,We Can’t Wait: Solutions To K-12 Sexual Harassment And Assault
U1084,user_1,Entertainment,Adrian Grenier Says He Might Run For Office One Day
U2677,user_2,Education,"HuffPost Welcomes Honorary ""Take Your Child To Work Day"" Bloggers!"
U4253,user_1,Entertainment,This May On 'Dr. Phil'
U5969,user_1,Entertainment,Attorney Lisa Bloom Saw Harvey Weinstein As A 'Unique Opportunity' For Change
U0600,user_2,Education,3 Tips for A Happy Financial New Year
U4182,user_3,Crime,We're Free
U5941,user_1,Entertainment,Fan Favorites Return As Netflix Brings Back 'Arrested Development'
U5232,user_1,Entertainment,Meryl Streep Hosts the NY Premiere of My Old Lady at MoMA
U1128,user_2,Education,Why Lots of Love (or Motivation) Isn't Enough
U5450,user_3,Crime,"Up To 2,000 Teens Close Down Kentucky Mall"
U4110,user_1,Entertainment,The Kardashian Family's 2015 Christmas Card Is Missing Two Major Things
U7942,user_2,Education,Why Performance Incentives And Public Schools Don't Mix
U3295,user_2,Education,Martin Shore and Berklee City Music Join Forces With 'Take Me to the River' Educational Initiative
U5872,user_2,Education,The Big Uneasy. What’s Roiling The Liberal-Arts Campus?
U7847,user_1,Entertainment,An Autopsy For The Dismal Second Season Of 'True Detective'
U5284,user_3,Crime,"Stolen Taco Truck Hits School Bus, Crashes Into Propane Tanker"
U8568,user_2,Education,Making the Humanities Relevant
U9734,user_1,Entertainment,Taylor Swift Was Just As Into 'Grease: Live' As You Were
U7155,user_2,Education,Progressive Labels for Regressive Practices: How Key Terms in Education Have Been Co-opted
U9175,user_1,Entertainment,"Everything You Need To Know Before Sunday's Golden Globes, Including Who Will Win"
U0000,user_3,Crime,Why Hasn't Nancy Grace Been Fired?
U3496,user_1,Entertainment,Kardashian Family Votes On Whether Kris Or Kylie Wore It Best
U5457,user_2,Education,Top 10 Education Trends to Watch in 2015 and Beyond
U2955,user_2,Education,"Netflix, Disney And School Choice"
U8262,user_1,Entertainment,Exclusive Interview With Michal Menert
U3391,user_2,Education,Understanding Brown v. Board of Education
U2428,user_2,Education,"A Tale of Two Kindergartens -- Well, Three Now That I Think About It"
U9358,user_3,Crime,Voices From Solitary: A Sentence Worse Than Death
U4741,user_3,Crime,Suspect Deported 5 Times Before Alleged Murder
U8521,user_3,Crime,‘Catfishing’ Over Love Interest Might Have Spurred UVA Gang-Rape Debacle
U4299,user_1,Entertainment,Nick Viall Responds To That One 'Bachelor' Theory Everyone's Tweeting About
U7451,user_2,Education,'Learn French in 10 Years!'
U1113,user_2,Education,"The Prince Edward County Free School: 50 Years Later, a Model for the Fight for Education Equality"
U7847,user_1,Entertainment,Cosby's Private And Public Personas Over The Years
U0122,user_3,Crime,Staten Island Teen Dies From Asthma While Fleeing Racist Crew Waving Gun
U8075,user_3,Crime,Manhunt Underway For 3 Inmates Who Escaped Maximum-Security Jail
U4917,user_3,Crime,3 Seriously Injured In Grand Central Station Stabbing
U2701,user_1,Entertainment,Taylor Swift Shares Playlist Of 'Songs That Will Make Your Life More Awesome'
U4271,user_3,Crime,USC Football Osa Masina Charged With Rape In Utah
U3023,user_3,Crime,"'Loud Noises,' Mistaken For Gunfire, Cause Panic At LAX"
U9166,user_2,Education,Mr. MacPherson Circa 1982
U4372,user_2,Education,The Ultimate Demise of Common Core - Part I: The Politics
U0906,user_3,Crime,Man Confronts N.J. Officer Searching Van Apparently Without Permission
U4867,user_3,Crime,"Tim Cole, Convict Exonerated After Death, Gets Texas Historical Marker"
U6095,user_2,Education,Will Charters Really Try to Replace Suspensions With Win-Win Alternatives?
U1714,user_1,Entertainment,"Wilbur and Orville Wright Meet Tom Hanks: NatGeo, Pay Attention -- This Is How It's Done"
U6203,user_3,Crime,Arrest Made In Death Of College Student Beau Solomon In Italy
U6545,user_2,Education,The Quick Search You Should Do in Your Rental  Property Due Diligence
U1543,user_2,Education,What Did We Learn From The Betsy DeVos Confirmation? Money Wins.
U0947,user_3,Crime,"Joshua Hakken, Suspected Kidnapper, May Have Taken Sons To Sea In Sailboat"
U7867,user_3,Crime,California Killer Is First U.S. Inmate To Have State-Funded Gender Confirmation Surgery
U2126,user_2,Education,Teachers Union President Joins Anti-Union Operative To Praise Charter Schools
U3112,user_3,Crime,Woman Impaled By Umbrella While Celebrating Birthday At The Beach
U8530,user_3,Crime,"Jeffrey Harris Steals Son's Identity, Spends Thousands Of Dollars: Police"
U8803,user_2,Education,The Global Search for Education: What's the News from Pakistan?
U4721,user_2,Education,It's So Obvious That You Are a Med School Student
U4495,user_2,Education,Student Academic Success Gets Boost From Fitness and Nutrition
U6310,user_2,Education,Racist Bullying Needs to Stop: We Cannot Become Desensitized to 10-Year-Olds Hanging Themselves
U5946,user_2,Education,Is Paris Burning?
U9428,user_3,Crime,"Thief Dresses Like Apple Store Employee, Makes Off With 19 iPhones"
U1248,user_1,Entertainment,Honoring Roger Ebert's Memory in the Movies We Watch
U6419,user_2,Education,Stanford Students Sue In College Admissions Scandal
U6409,user_2,Education,Trusted Teacher Fired for Discussing Sandy Hook During Safety Drill
U7243,user_3,Crime,Amber Alert Canceled After 7-Year-Old Ariel Revello Found Safe
U4916,user_2,Education,How Paul Tough's Helping Children Succeed Helped this Teacher Better Understand Our Craft
U8298,user_2,Education,Great Generosity Mindset | Motivational
U7154,user_2,Education,"You Graduated... Now, What? (10 Steps to Building Your Life on Purpose)"
U0551,user_3,Crime,"4 Dead, Dozens Injured After Car Plows Into OSU Homecoming Crowd"
U3022,user_3,Crime,Are You Being Followed on Foot or By Car? What to Do
U9608,user_2,Education,Startup Students: A Look At How Teachers Can Invest In GenDIY
U9190,user_1,Entertainment,Look What You Made Me Do
U5094,user_3,Crime,"Hawaii Man's Stealing Spree Includes 6 Ukuleles, 3 Vehicles: Police"
U1064,user_2,Education,Suggestions to High School Students for Reading Shakespeare –- Part 1
U6557,user_2,Education,The Political Is Personal: How The GOP Tax On Tuition Waivers Would Affect My Students
U3842,user_2,Education,Show Up For Kids So They Can Show Up To School
U8447,user_1,Entertainment,Olivia Newton-John's Daughter Chloe Lattanzi Parties With Mom In Tiny Outfit
U6210,user_2,Education,"Fizz! Pop! Bang! Teachers Find New Science Standards Fun, But Costly"
U2388,user_1,Entertainment,Jon Favreau Tapped To Write And Produce Live-Action 'Star Wars' Series
U3040,user_1,Entertainment,"Hugh Laurie Returns to the Doctor Game, Except in Chance He Has None of the Answers"
U6980,user_3,Crime,7 Killed In What May Be Australia's Worst Mass Shooting Since 1996
U7967,user_1,Entertainment,Miley Cyrus: Bangerz Tour Is 'Educational For Kids'
U4496,user_1,Entertainment,Hopefully Trump's Photograph With Darth Vader Isn't A Dark Omen
U8996,user_3,Crime,Tim Kaine's Son Arrested For Allegedly Rioting At Pro-Trump Rally
U6198,user_1,Entertainment,"PBS back in the movie review business with ""Just Seen It"""
U3017,user_1,Entertainment,Rihanna Demands Puerto Rico Aid From Donald Trump
U3012,user_2,Education,How Gender And Race Affect Education Today
U5647,user_2,Education,Study: Kids Take 100-Plus Required Tests Through 12th Grade
U9129,user_1,Entertainment,Chris Pratt and Katherine Schwarzenegger Are Expecting Their First Baby Together
U4914,user_1,Entertainment,Tina Fey Gets '30 Rock' Episodes With Blackface Removed From Viewing
U7483,user_3,Crime,Woman Named 'Possible Suspect' In Husband And Toddler's Deaths
U5185,user_2,Education,What Can Mentoring Organizations Learn From Each Other? What Data Is Missing?
U4214,user_1,Entertainment,WATCH: Amazon Is Turning Customers Into TV Execs
U9805,user_1,Entertainment,Emma Watson Fires Back At Critics Of Her Vanity Fair Shoot
U1660,user_3,Crime,37 Tons of David Victorson: A Tale of Ballsy Redemption
U9951,user_3,Crime,"Hooded Thieves Swarm San Francisco Apple Store, Swipe Gadgets"
U8420,user_2,Education,Should Schools Ban Cellphones?
U8627,user_1,Entertainment,How Kings Of Leon Wound Up Writing 'Last Mile Home' For 'August: Osage County'
U8827,user_1,Entertainment,Carrie Heads Back To The Middle East In New 'Homeland' Trailer
U2727,user_1,Entertainment,Here's How 'Guardians' Became 2014's Coolest Blockbuster
U5170,user_3,Crime,Denver Shootings Highlight Brady Campaign's Call for Stricter Gun Laws
U7745,user_3,Crime,"Woman Fatally Stabbed In New York, Baby Born At The Scene"
U8199,user_1,Entertainment,Marilyn Manson Simulates Wrist-Slashing After Dedicating Song To Paris Jackson
U7520,user_2,Education,Dear Educators: Your Voice Matters
U7033,user_1,Entertainment,'Booker's Place': Exploring the South's Troubled Legacy of Race
U7734,user_1,Entertainment,Robert De Niro's Anxiety of Influence: Remembering the Artist Premieres
U7715,user_1,Entertainment,Valerie Harper Gives Fans Health Update Following Hospitalization
U3316,user_2,Education,6 Tips That Could Help Your Student Loan Repayment
U7720,user_3,Crime,11-Year-Old Driver Hits Woman With Car In Maui
U5831,user_1,Entertainment,'Austin Powers' Actor Verne Troyer Dead At 49
U8637,user_2,Education,Educating for the Future: Learning Mandarin As a Key to U.S.-China Relations
U1466,user_2,Education,"Homeless Students, Destroyed Campuses, ‘Invisible Injuries’: What California Schools Learned From Recent Disasters"
U2045,user_2,Education,Results for America: A Welcome Addition to Evidence-Based Reform
U4391,user_1,Entertainment,Shannen Doherty Will Appear In The 'Heathers' Reboot We Can't Wait To See
U0642,user_2,Education,New Video Questions False Promises of Online Education Industry
U0116,user_2,Education,Can Research Identify a School That's Working?
U2218,user_1,Entertainment,Oprah Winfrey Says 'I Wouldn't Have Been A Good Mom For Babies'
U4959,user_2,Education,Teach Kids About Africa as if Our Lives Depend Upon It -- and Maybe They Do
U0837,user_2,Education,'Learn French in 10 Years!'
U5978,user_3,Crime,"Father And Son Cooks Accused Of Stealing $40,000 Of Chicken Wings"
U3717,user_2,Education,"Labor Day's  4 ""Work""  Steps for Love"
U0067,user_1,Entertainment,Ed Sheeran Casually Rocks Out With The Rolling Stones
U8840,user_3,Crime,"Sandy Nguyen Allegedly Fakes Son's Cancer, Takes Donations To Disneyland"
U6585,user_3,Crime,When You're the Witness With the Secret Video
U0617,user_1,Entertainment,Pro-Bush PAC Leader: Trump Is A 'False Zombie Front-Runner'
U8668,user_1,Entertainment,All Hell Is About To Break Loose On 'How To Get Away With Murder'
U6992,user_1,Entertainment,These Retro Photos Of Famous Fathers And Sons Are THE Cutest
U2422,user_2,Education,Lifelong Learners in a Rapidly Changing World
U4950,user_2,Education,PA Charter Management CEO Not Publicly Accountable for “Sealed” Sexual Harassment Settlement
U4276,user_2,Education,The Most Powerful Renewable Resource -- Citizen Power
U4288,user_3,Crime,84 Great Danes Rescued In New Hampshire In 'Worst' Squalor
U0482,user_3,Crime,"'Today I Die,' Says Gang Leader Who Killed Self After Shooting Firefighter"
U9625,user_1,Entertainment,North West And Penelope Disick Are The Cutest Toddler Duo Around
U6142,user_1,Entertainment,'The Happytime Murders' Is A Very Adult-Themed Movie With Puppets
U2254,user_3,Crime,"Mom Denies Girls Were Held Captive, Tortured With Music"
U3971,user_3,Crime,Tragic: Dog Dragged 4 Miles Along Highway Before Being Thrown In Ditch (GRAPHIC)
U5187,user_1,Entertainment,We May Already Know The Cliffhanger Coming In 'Game Of Thrones'
U0589,user_2,Education,America's Schools Are Built For Tomorrow's Followers
U5849,user_1,Entertainment,"Michael Che, Colin Jost To Host 2018 Emmy Awards"
U3139,user_3,Crime,"Darth Vader Robs Bank, Flees On Bike In Ohio"
U5627,user_1,Entertainment,"Bill Cosby's Admission Could Aid Women's Cases, Lawyers Say"
U7598,user_2,Education,Living Your Future Is An Authentic Process
U7035,user_1,Entertainment,Ed Westwick Replaced In BBC Drama Amid Sexual Assault Allegations
U1912,user_1,Entertainment,Ivanka Says Her Dad Donald Trump 'Would Be Incredible For Women In This Country'
U6718,user_3,Crime,St. Louis City Hall Meeting Interrupted By Brawl
U6230,user_1,Entertainment,Chris Pratt Pre-Apologizes For Messing Up The 'Jurassic World' Press Tour
U4541,user_2,Education,My Students Don't Need More Debt
U6619,user_2,Education,Teaching The Not Visible
U4783,user_3,Crime,Man Accused Of Killing Dad For Not Getting Him Fast Food
U8866,user_3,Crime,"Tasha Harmon Allegedly Stabs 6-Year-Old Daughter, Who Tells Officer, 'Mommy Tried To Kill Me'"
U8052,user_3,Crime,"Valentine's Day Crossbow Attack Leaves 1 Injured, 1 Dead"
U1693,user_2,Education,Peter Cunningham’s Education Post Chaperoned By Broad Foundation
U6877,user_3,Crime,Guy In MAGA Hat Allegedly Unloads Bear Spray Into Crowd Of Anti-Trump Protesters
U0487,user_2,Education,PA Charter Management CEO Not Publicly Accountable for “Sealed” Sexual Harassment Settlement
U3601,user_2,Education,"Cheryl Williams, The Mentor Who Goes Above And Beyond"
U7231,user_1,Entertainment,Ed Skrein Turns Down 'Hellboy' Role To Prevent Whitewashing
U1396,user_1,Entertainment,Ruby Rose Debuts Emerald Green Hair On Instagram
U4650,user_2,Education,Meet the Fishman Winners!
U0320,user_3,Crime,Cop Accused Of Violently Assaulting A Pregnant Woman. For The Second Time.
U2173,user_1,Entertainment,Shaquille O'Neal Doesn't Know Who The Queen Of England Is
U0506,user_3,Crime,Kathryn Stalbaum Found Safe In Chicago
U2775,user_3,Crime,Somebody Donated A Cooler Filled With Weed To Goodwill
U7553,user_2,Education,Everything You Need To Know About Applying for Student Loans
U5194,user_2,Education,What Matters More Than Test Scores
U4755,user_2,Education,New York Teachers: I Asked Weingarten About the Hochul Robocall
U0077,user_3,Crime,FBI Opens Investigation As Chapel Hill Victims Are Mourned
U6374,user_2,Education,States Should Be Giving You Useful Data About Your Children's Schools
U0913,user_3,Crime,Dad Who Poisoned Children's Pizza Sentenced
U8030,user_2,Education,What Your Average School Lunch Looks Like
U8021,user_3,Crime,Cops Say Florida Man Set Pregnant Ex-Girlfriend On Fire In Front Of Her 2 Young Kids
U5186,user_2,Education,Want Innovation? How About Integrated Equitable Schools?
U6044,user_3,Crime,Artist Shot Dead While Working On Oakland Anti-Violence Mural
U9981,user_3,Crime,"Another Day, Another Death: A Mother Dies in Prison After Reporting Threats"
U9868,user_3,Crime,Understanding Criminogenic Behavior Among Juveniles
U2437,user_2,Education,New York Governor Unveils Plan To Help Lower Income Students Afford College
U6098,user_2,Education,In Case You Don't Know What Great Teaching Looks Like
U1093,user_2,Education,"Change the Game for Girls in STEM: We Don't Need More, We Need Different"
U1167,user_1,Entertainment,Seth Meyers Says It's Good Fallon Gives Trump 'Less Of An Ass-Kicking'
U5962,user_1,Entertainment,'UnREAL' Stars Constance Zimmer And Shiri Appleby On How They Fight For Equal Pay In Hollywood
U1939,user_3,Crime,"Woman Survives Setting Herself On Fire, Jumping Off Bridge: Police"
U8916,user_3,Crime,Mom Claims Amber Alert Pushed Her To Kill Kids
U6681,user_3,Crime,Sex Offender Freed Because Of Paperwork Mistake
U6026,user_2,Education,Sanitizing History in the Name of Patriotism
U5741,user_2,Education,"School Starts Too Early In The Morning, State Lawmaker Says"
U6021,user_1,Entertainment,Marilyn Manson To 'Part Ways' With Bassist Twiggy Ramirez After Rape Accusation
U1146,user_1,Entertainment,Woody Allen Really Hopes It’s OK To Keep Winking At Women. Women Beg To Differ.
U6011,user_1,Entertainment,Actor Richard Dreyfuss Denies Exposing Himself To Writer
U3107,user_3,Crime,"Armando Torres, Marine, Kidnapped By Armed Men In Mexico: Family"
U2401,user_2,Education,#UTADNA Grad Student of the Year
U6590,user_1,Entertainment,Carly Rae Jepsen Opens Up About The Trials Of Fame And Surviving The Paparazzi
U0026,user_3,Crime,A Famous Hacker On What It Is Like Being Pursued by the FBI
U2531,user_1,Entertainment,"Katy Perry's Star-Studded 'Swish Swish' Video Is Here, Sans Taylor Swift"
U1805,user_1,Entertainment,Alexandria Ocasio-Cortez Tells Sundance That Trump Isn’t The Only Problem
U3307,user_3,Crime,Michael Bennett Gardner Demands Harsher Sentence As Recognition For Marijuana Grow Op
U9896,user_3,Crime,Open Up DNA Databases to All
U1571,user_2,Education,Weingarten Wants Common Core; Lewis Says We're Done
U2560,user_2,Education,College Ready Baloney
U1390,user_1,Entertainment,Your Complete Guide To 2015's Fall TV Premiere Dates
U8846,user_1,Entertainment,'GLOW' Star Betty Gilpin Explains Why It's Actually Just Fine For Women To Bulk Up
U8175,user_1,Entertainment,'Stranger Things' Cutie Gaten Matarazzo Belts Out The National Anthem Like A Boss
U5581,user_3,Crime,Twin Dies After Fall From Escalator In World Trade Center Transit Hub
U4368,user_2,Education,Betsy DeVos: Please Bring Down The Hammer On Campus Sexual Assault
U1823,user_3,Crime,"Caleb And Joshua Bledsoe, Twin Brothers, Accused Of Trying To Kill Their Father"
U1082,user_2,Education,Our Children’s American Life: The Lockdown Drills
U9668,user_1,Entertainment,Taylor Swift Gives Surprise Performance At Cafe Where She Was Discovered
U5027,user_2,Education,Making Cyberschool Creepier
U3736,user_1,Entertainment,"FX Has The Movies And The Money, Thanks To Bold Acquisition Campaign"
U1960,user_1,Entertainment,George Clooney And Amal Alamuddin Make It Red-Carpet Official
U9826,user_3,Crime,Photo Of Toddler Hanging On Hook Leads To Mom's Arrest (GRAPHIC PHOTO)
U1501,user_2,Education,Do Grades Really Reflect Rigor?
U7771,user_2,Education,The Importance of Process in Achieving Results
U5177,user_1,Entertainment,"The Ultimate Houston, Texas, Road Trip Playlist"
U4144,user_3,Crime,Newtown Shooting Lawsuit: $100M Claim Against Connecticut In School Shooting Is Dropped
U8393,user_3,Crime,4-Year-Old Driving Car Runs Over Toddler At Day Care
U4512,user_3,Crime,6 New Yorkers Now Arrested For Threatening Cops After Officers Killed
U4245,user_2,Education,Do Grades Really Reflect Rigor?
U2162,user_2,Education,Thinking at Harvard: What Is the Future of Learning?
U9631,user_3,Crime,1-Year-Old Child Fatally Stabbed In California Knife Attack
U5414,user_2,Education,The Graduation Gift You Can't Afford to Miss
U3082,user_1,Entertainment,Snoop Dogg Somehow Managed To Lose On A Question About Weed On 'Celebrity Family Feud'
U5309,user_3,Crime,Falling Palm Tree Kills Man Going To Funeral
U2309,user_1,Entertainment,Sinead O'Connor Is 'Safe And Sound' After Emotional Facebook Post About Overdose
U2661,user_2,Education,PARCC: Still Trying To Hold Itself Together
U1105,user_3,Crime,"Ohio State Attacker May Have Self-Radicalized, Officials Say"
U8072,user_1,Entertainment,Amy Schumer Turns Sexist Tweet Into Teachable Moment
U7533,user_1,Entertainment,20 Actors Who Deserve Their First Academy Awards
U1808,user_1,Entertainment,Kylie Jenner Celebrates Tyga's Birthday With Topless Photoshoot We Can Never Unsee
U3418,user_3,Crime,Suspect In Theater Attack Was Committed At Least 4 Times
U3175,user_3,Crime,Grisly Details Emerge In Case Of Teen Accused Of Killing Parents
U6005,user_3,Crime,KKK Leader's Widow And Stepson Charged In His Death
U5906,user_3,Crime,"Mother Admits Smothering Children, Faces Murder Charges"
U6621,user_1,Entertainment,"Tomorrowland or George Clooney Moons Over a Too, Too Young Teen Robot"
U3052,user_1,Entertainment,JWoww Gives Birth!
U5919,user_3,Crime,Man Suspected Of Shooting Idaho Pastor Who Led Prayer At Ted Cruz Rally Arrested
U3758,user_1,Entertainment,Alec Baldwin's Donald Trump Will Grace 'SNL' With His Presence This Weekend
U8628,user_3,Crime,Woman Found Living With Corpse: Police
U5958,user_2,Education,Common Core: A Solid Policy Behind an Unpopular Name
U9610,user_2,Education,Good but Not Good Enough: Moving Public Will on Early Childhood Education
U6155,user_3,Crime,Teen Accused Of Threatening Police On Twitter
U1121,user_2,Education,Diverse Conversations: Training Tomorrow's Educators
U2994,user_3,Crime,Oregon Shooter's Mother Wrote About Guns In Online Forum
U7170,user_3,Crime,$2.5 Million Settlement For Family Of Inmate Who Died Of Thirst
U3727,user_1,Entertainment,"2017 People's Choice Awards Winners Include ""Big Bang Theory,"" Britney Spears And Johnny Depp"
U2606,user_3,Crime,2 University Students Shot Dead At House Party
U6430,user_2,Education,Autism and Literacy: Making the Unique an Everyday Occurrence
U6059,user_2,Education,Why We Should Care About Boys and Young Men of Color
U4802,user_3,Crime,"Chris Watts Sentenced To Life In Prison For Murdering His Pregnant Wife, 2 Daughters"
U6540,user_2,Education,Escape From Poverty for a Few More Students Is Not a Worthy National Goal
U5528,user_1,Entertainment,Olsen Twins Possibly Toying With The Idea Of Appearing On 'Fuller House'
U1250,user_3,Crime,Woman Reportedly Beheaded By Man Who Then Jumped In Front Of Train
U8599,user_3,Crime,Missing Maryland Toddler's Body Found In Ohio Creek
U6666,user_1,Entertainment,Beyoncé's Christmas Decorations Are Just As Glorious As You'd Expect
U3325,user_1,Entertainment,Jaime Lannister Doesn't Want Us To Look Back And Realize We're 'F**ked'
U6227,user_2,Education,This Bronx Educator Reminds Us Why Good Teachers Are Simply The Best
U4374,user_2,Education,"Donors Matter: Global Warming, Teacher Employment Law, and the 'Political Lens'"
U8705,user_2,Education,Test-Driven Teacher Evaluations Strike Out
U0472,user_1,Entertainment,"Grammys Awards Live: Frank Ocean, fun., Mumford & Sons And More Join For Music's Biggest Night (LIVE UPDATES)"
U4151,user_1,Entertainment,Tina Turner Celebrates Milestone 80th Birthday With A Joyful Video Message
U8570,user_3,Crime,Isabel Celis: Father Of Missing Arizona Girl Barred From Contact With Sons (VIDEO)
U2788,user_1,Entertainment,Demi Lovato Is Dangerous In ‘From Dusk Till Dawn’ Clip
U4514,user_1,Entertainment,How Kate Winslet And Leo DiCaprio Used 'Titanic' To Help A Cancer Patient
U9081,user_1,Entertainment,Jodie Foster On Sex Assault: 'Justice By Twitter Is Not The Way To Go'
U9450,user_2,Education,Top 5 Ways To Get Ready For Fall Semester
U9883,user_3,Crime,Ex-TV Reporters Charged After Their Baby Tests Positive For Cocaine
U5745,user_3,Crime,"Man Celebrating 22nd Birthday Vanishes Outside Boston Bar, Family Says"
U3654,user_3,Crime,Man Charged With Killing Wife Years After She Plummeted To Death
U5561,user_2,Education,An Open Letter to the Secretary of Education Designate from Thousands of American Clergy
U4785,user_2,Education,"Millennials Are Tolerant, Educated, Enterprising, and Hyphenated"
U2158,user_2,Education,Teaching the Bible as Literature in Public High School (Part 10) – The Noble Lie
U5374,user_1,Entertainment,Actor Garret Dillahunt Gets Serious -- Again
U2636,user_1,Entertainment,'How To Train Your Dragon 2' Trailer: New Teaser Sends Hiccup And Toothless Off On More Adventures
U3708,user_2,Education,Understanding Your Finances After Your Child Is Accepted to College
U1350,user_1,Entertainment,Art Meets Porn and Other High Points From Toronto
U5818,user_1,Entertainment,Stars Wear All Black At Golden Globes In Powerful Show Of Solidarity
U9033,user_2,Education,Radically Flawed: The Truth About Vouchers
U0337,user_1,Entertainment,Kristen Bell's Mullet Puts All Your Terrible Childhood Haircuts To Shame
U4019,user_2,Education,Saying Yes!: 5 Pieces of Career Advice for Middle School Students
U3830,user_2,Education,The Letter You Should Write to Your K-12 Schools
U6222,user_1,Entertainment,Tove Lo Is The Latest Star On Taylor Swift's Epic 1989 Tour Guest List
U4549,user_1,Entertainment,Shaquille O'Neal Doesn't Know Who The Queen Of England Is
U3912,user_1,Entertainment,Haylie Duff Shares First Photo Of Baby Girl Ryan
U3890,user_2,Education,Good but Not Good Enough: Moving Public Will on Early Childhood Education
U2158,user_2,Education,My Son Only Read One Book in Middle School
U6865,user_3,Crime,"Blind Sailor Successfully Sails From Mexico To Hawaii, Crashes On Reef Upon Arrival"
U2282,user_3,Crime,Deadly Midair Collision Reported In Maryland
U3275,user_3,Crime,Abusive Mother Tried To Sew Daughter's Mouth Shut: Cops
U5275,user_1,Entertainment,Macaulay Culkin Goes Ghoulish In 'American Horror Story: Double Feature' Trailer
U0008,user_3,Crime,Lisa Holden Hid In Woods With Children For Two Days To Escape Abusive Husband
U0637,user_2,Education,"New Course Leads To Big Gains In Number Of Girls, Minorities Taking AP Computer Science Exams"
U7697,user_1,Entertainment,The Charming 'La La Land' Is The Early Front-Runner For Best Picture
U0884,user_2,Education,An Homage to 'Teachers'
U1149,user_2,Education,Twitter's Unexpected Benefits
U7068,user_1,Entertainment,The Progressive 'Legend Of Korra' Finale Made Fans Very Happy
U7385,user_2,Education,"Fizz! Pop! Bang! Teachers Find New Science Standards Fun, But Costly"
U2384,user_2,Education,Why Harvard Law School Matters: A New Critique
U6416,user_1,Entertainment,'Game Of Thrones' Actress Hilariously Nails Pregnancy Announcement
U3141,user_3,Crime,"Pilot Error, Dust Blamed For Fatal Marine Osprey Crash In Hawaii"
U1629,user_1,Entertainment,Here's Your First Look At The New 'Hey Arnold!' Movie
U0444,user_2,Education,Colleges of the Future Must Go Back to the Future
U5386,user_1,Entertainment,Ryan Reynolds And Blake Lively Surprise Fans At Early 'Deadpool' Screening
U2999,user_1,Entertainment,Actress Jameela Jamil Gives Men A Lesson In How Not To Be Like Aziz Ansari
U8323,user_3,Crime,Police Uncover New Leads In Child's 17-Year-Old Murder Mystery
U2302,user_1,Entertainment,Val Kilmer Spotted Without Breathing Device Around His Neck In London
U8097,user_3,Crime,George Huguely Murder Trial: Jurors To Deliberate Following Closing Arguments
U0896,user_2,Education,A Classroom Of Tomorrow
U3777,user_1,Entertainment,Shaggy Says Reggae Music And Weed Can Stop ISIS
U3866,user_2,Education,What Are Teachers Looking For When They Want To Leave Teaching?
U8442,user_3,Crime,"Rayna Rison Cold Case Murder Solved, Ex-Boyfriend In Custody: Cops"
U8869,user_1,Entertainment,'Star Wars: The Force Awakens' Tops $1 Billion In Ticket Sales
U8952,user_3,Crime,Search Underway For Missing Tennessee Toddler Noah Chamberlin
U1277,user_1,Entertainment,Mick Jagger Is The Newest Member Of Taylor Swift's 1989 Tour Squad
U5589,user_3,Crime,Felony Charges For Father Of Toddler Who Shot Pregnant Mom
U0528,user_1,Entertainment,"'The Boys,' 'Mortal Instruments' Dropped By Studios"
U8039,user_1,Entertainment,The 'I Miss You' Conversation
U9726,user_2,Education,Giving Kids The Confidence To Learn Through Play
U3502,user_3,Crime,Robbery Suspect Dead In Apparent Suicide After 5-Hour Standoff: Cops
U3026,user_3,Crime,"Naked Drunk Driver Crashes Car While Having Sex At The Wheel, Police Say"
U6503,user_2,Education,Educational Tech: What's Next?
U3013,user_3,Crime,Science May Make Eternal Life Sentences a Reality (VIDEO)
U4568,user_2,Education,I’m A Liberal Professor And My Conservative Students Terrify Me
U6943,user_1,Entertainment,David Duchovny Addresses The Nuttiest Fan Theories About 'The X-Files'
U5356,user_1,Entertainment,EXCLUSIVE: BET Responds After Coming Under Fire from Journalists and Publicists
U0820,user_1,Entertainment,"Elizabeth Reaser on Broadway, Breasts and Playing Opposite the Big Boys -- Brave and True"
U6531,user_2,Education,The Barriers to Technology in Education
U8679,user_3,Crime,Cop Charged With Laquan McDonald's Murder Posts Bail
U9147,user_3,Crime,"Missouri Has Lost Track Of Nearly 1,300 Registered Sex Offenders: Audit"
U6019,user_3,Crime,Parents Guilty Of Imprisoning Daughters Under Extreme Rules
U9241,user_3,Crime,La. Teacher Suspected Of Having Sex With Students
U8856,user_1,Entertainment,Anticipating the Golden Globes: One High Tea and Two Lunches
U7610,user_1,Entertainment,Jennifer Lawrence Is Entertainment Weekly's 2015 Entertainer Of The Year
U0576,user_1,Entertainment,Bruce Springsteen Delivers Extraordinary Call For Voters To Dump Trump
U9409,user_3,Crime,Cosby Lawyers Seek To Bar Alleged Victims From Sex Assault Trial
U6431,user_3,Crime,Group Wants Special Prosecutor In Police Killing Of Farmworker
U8002,user_1,Entertainment,"Blac Chyna To Rob Kardashian: 'If You Can't Respect Me, You Have To Respect The Law'"
U2461,user_2,Education,Donald J. Trump’s 'Vision' For Education
U9662,user_3,Crime,Hawaii Lawmakers Promise To Ban Police Sex With Prostitutes
U3582,user_1,Entertainment,Kylie Jenner Channels Pin-Up Glam In New Photo From High Fashion Shoot
U1284,user_2,Education,Must We Accept Trumpism And A Second Rate Education For Poor Kids?
U4647,user_2,Education,Promoting Meaningful Education:  Phi Beta Kappa Honors the Washington Consortium for the Liberal Arts
U1598,user_3,Crime,Texas Deputy Found Dead In Lake
U7779,user_3,Crime,ISIS Claims Responsibility For Attack At Ohio State University
U1593,user_3,Crime,Memphis Police Find Almost 200 Misplaced Rape Kits From '70s
U3299,user_3,Crime,Drug-Addled Puppy 'Looks Much Better' After Undergoing Doggie Rehab
U6858,user_1,Entertainment,Jessica Simpson Goes Braless In Sexy Little Black Dress For Date Night In NYC
U8831,user_1,Entertainment,Comedian Rob Delaney Announces Death Of Two-Year-Old Son
U6871,user_3,Crime,Esteban Santiago Charged In Fort Lauderdale Airport Attack
U4658,user_3,Crime,DNA Swab Nabs Suspect In Vanessa Marcotte's Killing
U8819,user_3,Crime,Canadian Judge Finds Radio Star Jian Ghomeshi Not Guilty Of Sexual Assault
U6636,user_3,Crime,Want to Know How to Recruit a Terrorist? Just Ask a Gangster . . .
U4941,user_2,Education,11 Rights All Students (Should) Have
U9466,user_1,Entertainment,Cloris Leachman on New Streaming Drama The Eleventh: You're Not Still Active At 90 If You're Not Adapting
U0718,user_3,Crime,Berkeley Mayor: Antonio Martin Is Not Michael Brown
U5697,user_2,Education,Kids in Montana Unique: They're Learning the Truth
U2023,user_3,Crime,Vicious Police Beating Of Stanislav Petrov Sparks Call For Federal Probe
U0044,user_1,Entertainment,'Daily Show' Mocks Conservative Media With Montage Of 'Worst Joe Biden Scandals'
U8154,user_2,Education,Should We Rewrite American History Books?
U3184,user_3,Crime,Ex-New Orleans Cops Plead Guilty In Post-Katrina Killings
U3635,user_1,Entertainment,Jim Carrey Paints Sean Hannity With His Perfect Partner In Artistic Smackdown
U6974,user_3,Crime,Chelsea Johnson Murder: George Donald Davis Named 'Person Of Interest' In Ohio Teen's Death
U5585,user_3,Crime,Video Shows Man Holding Gun Before Allegedly Shooting At Police Officers In Ferguson
U9325,user_2,Education,Why More School Districts Are Holding Class Just Four Days A Week
U0440,user_1,Entertainment,Channing Tatum And Arie Luyendyk Jr. Have A Day At The Races
U1316,user_3,Crime,Suspect Deported 5 Times Before Alleged Murder
U2429,user_3,Crime,Firefighter Arrested In Love Triangle Murder
U3893,user_1,Entertainment,Pity Porn: The Unlikelihood of an Unbiased Porn Doc
U2367,user_3,Crime,Don't Fall Prey to This
U2294,user_2,Education,The Graduation Gift You Can't Afford to Miss
U3157,user_2,Education,Why College Signing Day Is Important for the Nation
U6378,user_3,Crime,Washington State Shooting Leaves 5 Dead
U1883,user_1,Entertainment,Celine Dion's Brother Daniel Dead At 59 After Battle With Cancer
U4845,user_1,Entertainment,There Was An 'O.C.' Reunion At The New Musical Based On The Show
U6068,user_2,Education,My Students Don't Need More Debt
U6705,user_2,Education,Internship Ideas For Aspiring Journalists (Besides Editorial)
U3503,user_1,Entertainment,These 'GoT' Character Impressions Are Scarily Good
U5182,user_2,Education,Leveling the Playing Field for Our Kids
U8589,user_2,Education,Happy Mother's Day To The Moms Who Teach
U4892,user_1,Entertainment,Justin Bieber Writes Touching Note To Friend Who Died In Paris Attacks
U7522,user_1,Entertainment,Iggy Azalea And Weird Al?!
U1886,user_2,Education,3 Tips for A Happy Financial New Year
U8588,user_2,Education,Testing Opt Out: Parent Wants Conference; School Calls Police *Just in Case*
U0262,user_3,Crime,Woman Arrested After Her Pit Bulls Attack Man In Violent Video
U7449,user_1,Entertainment,Coming Soon To An Arena Near You: Vin Diesel In 'Fast And Furious' Live
U5583,user_1,Entertainment,Madonna And Stevie Wonder Prove No One Compares To Prince At Billboard Music Awards
U9685,user_1,Entertainment,Prince Had The Right Philosophy On Life And Death
U0920,user_3,Crime,"Stephanie Fletcher, Former Walton, N.Y. Teacher, Accused Of Having Sex With Students During Class Breaks"
U0059,user_2,Education,Climate Change-Deniers 'Spam' Thousands Of Teachers With Anti-Global Warming Packages
U5311,user_3,Crime,"Kidnapped Girl, 5, Dies In Shootout After High-Speed Chase"
U1047,user_2,Education,"The Trump Education Budget Will Dangerously Favor ""Fast Food"" Teachers"
U9839,user_3,Crime,Here's Everything We Know About The San Bernardino Attackers
U3504,user_3,Crime,This Is Why You Don't Mess With The Garbage Man
U8839,user_3,Crime,Pennsylvania Wants To Use Science In Criminal Sentencing
U1780,user_1,Entertainment,Bryan Cranston Burns 'Breaking Bad' Fan With Perfect 'Your Mother' Joke
U5206,user_3,Crime,Gun Possession Charge Dropped For Man Who Can't Use Arms
U2898,user_1,Entertainment,"Mariah Carey Plans Surprise Album, Ruins Surprise"
U1500,user_2,Education,Dear Secretary DeVos
U0328,user_1,Entertainment,Ashley Graham Announces She's Expecting Twins In Sweet Instagram Video
U4982,user_1,Entertainment,"Celeste Holm Movies: From ""Gentleman's Agreement"" To ""Come To The Stable,"" Remembering The Late Actress"
U3974,user_2,Education,Year-Round Schooling: Why It's Time to Change
U1690,user_3,Crime,Fourth Victim In Marysville Shooting Dies
U1514,user_1,Entertainment,'Moonlight' Sweeps 2017 Independent Spirit Awards
U5895,user_3,Crime,Dozens Of Teens Detained In Brawl At Arizona State Fair
U1170,user_1,Entertainment,Reports: Paul Haggis Detained In Italy In Sex Assault Case
U9673,user_1,Entertainment,Watch Trump Blame Everyone But Himself For Coronavirus In 'Daily Show' Supercut
U1275,user_3,Crime,"At Least 7 Hurt In California Stabbings As Neo-Nazis, Protesters Clash"
U9116,user_2,Education,Adventures in Instructional Coaching: It's Time to Teach
U7944,user_1,Entertainment,"Reba McEntire Opens Up About Her Music, Life and Love"
U9925,user_2,Education,Dolly Parton. Really.
U4704,user_2,Education,America's Schools Are Built For Tomorrow's Followers
U7782,user_1,Entertainment,Jessica Simpson Shares Adorable Photo Of Her Kids Looking Like Angels On Picture Day
U4394,user_2,Education,It's Proven. It's Perfect. I'll Change It.
U6142,user_3,Crime,"'Loud Noises,' Mistaken For Gunfire, Cause Panic At LAX"
U3876,user_1,Entertainment,Logan Lerman Gets A Lesson In The Art Of The Woo In This 'Indignation' Clip
U9235,user_1,Entertainment,Ariana Grande Says She's 'Broken' After British Concert Horror
U2830,user_3,Crime,Holmes' Lawyers Object To Testimony That's Too 'Upsetting'
U5459,user_3,Crime,NYPD: Muslim Woman Set On Fire Just Before 9/11 Anniversary
U7386,user_3,Crime,Penn State Fined Record $2.4 Million Over Sandusky Case
U4879,user_2,Education,'Sesame Street' Wins $100 Million Grant To Create Programming For Refugee Children
U0554,user_1,Entertainment,How Nice Of Dr. Luke To Now Let Kesha Perform At The Billboard Music Awards
U5658,user_1,Entertainment,Daniel Craig Calls Out James Bond For Being 'Sexist'
U9218,user_2,Education,No Equal in the World: Leadership Advice for New College Presidents
U0508,user_1,Entertainment,'Pitch Perfect' Co-Stars Anna Camp And Skylar Astin Tie The Knot In California
U4780,user_1,Entertainment,Queen Latifah Hits Super Bowl To Perform 'America The Beautiful'
U7038,user_2,Education,DeVos Department Tries To Block Public Streaming Of Student Debt Hearing
U8511,user_3,Crime,An Open Letter to Seth Rogen
U4184,user_1,Entertainment,Please Stop Asking Pedro Pascal If You Could Squeeze His Head
U3935,user_1,Entertainment,How Working On Ellen's 'Puppy Episode' Changed My Life
U0007,user_1,Entertainment,Fyre Festival Organizers Hit With $100 Million Lawsuit
U2662,user_3,Crime,Minnesota Governor Calls Mosque Bombing An Act Of Terrorism
U5130,user_3,Crime,"George Stinney, Black Teen Executed In 1944, May Get New Trial"
U9085,user_1,Entertainment,Kathy Griffin Rips Andy Cohen (And Harvey Levin) In Video Rant
U4302,user_3,Crime,"Tulsa Shooting: 4 People Dead, One Injured In Home, Suspect On The Loose"
U8499,user_2,Education,The Power of Partnerships in Early Education
U8007,user_2,Education,Parent Involvement in Schools Matters: A Teacher's Perspective
U7041,user_2,Education,What Are Teachers Looking For When They Want To Leave Teaching?
U6313,user_3,Crime,Muslim Man Beaten Outside Florida Mosque Attended By Orlando Shooter Omar Mateen
U7655,user_3,Crime,Second Victim Dies After Shooting At Florida Gym
U4828,user_1,Entertainment,Tina Fey & Amy Poehler Will Reunite To Co-Host 'Saturday Night Live'
U2890,user_1,Entertainment,Andrew Lloyd Webber Shows His Stripes Over Parody Songs In 'Katdashians' Musical (UPDATE)
U6795,user_3,Crime,Arrest Made In South Carolina Mall Shooting That Wounded 14 People
U2017,user_1,Entertainment,Designing Change: The History of Red Carpet Green Dress
U0042,user_3,Crime,U.S. Charges Iranians For Global Cyber Attacks
U2887,user_2,Education,The Global Search for Education: From New Zealand
U1791,user_2,Education,A Teacher's Words to Louis C.K.
U7186,user_3,Crime,The Cosby Verdict Won’t Fix A Broken Legal System
U3211,user_2,Education,"Failure to invest in education is penny wise, pound foolish"
U8713,user_1,Entertainment,Ashley Olsen's New Boyfriend Is Even Older Than Mary-Kate's Fiance
U9784,user_2,Education,"Los Angeles Charter School Operators Demand Less Oversight And Accountability, And Fewer Investigations"
U4066,user_3,Crime,Dad Charged After Cops Find Body Near Where Toddler Was Left Outside For Not Drinking Milk
U3947,user_3,Crime,Liam Neeson Is Waking Us Up To The Painful Truth About Our Children That We Can't See
U5055,user_2,Education,Around the World in 30 Days  --  November 2014
U6936,user_3,Crime,Officers Fired Upon In Fatal Los Angeles Area Shooting
U3657,user_3,Crime,Marijuana Blamed for Dzhokhar's Alleged Boston Bombings
U6595,user_2,Education,"If You Have One of These Degrees, You Could Save Thousands by Refinancing Student Loans"
U9141,user_3,Crime,Dogs Get High After Alleged Drug Dealer Throws Heroin Over Fence
U8209,user_3,Crime,An Open Letter to Seth Rogen
U6494,user_1,Entertainment,Reporter's Interview With Kristen Wiig Is Hilariously Awkward
U7930,user_2,Education,Make Entrepreneurship Education Your Summer School
U6524,user_2,Education,The Global Search for Education:  With the World in Mind
U9598,user_1,Entertainment,New Radicals Reunite To Sing 'You Get What You Give' For Biden Inauguration 'Parade'
U3862,user_1,Entertainment,The Coop: Evocative First Film by Turkish Actor Ufuk Bayraktar
U8778,user_2,Education,Newark Schools Still Struggling Despite Facebook Donation
U8993,user_3,Crime,Girl Abducted From Montana Park Found Alive; Suspect In Custody: UPDATED
U5653,user_3,Crime,"Valentine's Day Crossbow Attack Leaves 1 Injured, 1 Dead"
U7419,user_1,Entertainment,Trailer For Chilean Mining Accident Movie 'The 33' Will Hit You In The Feels
U9683,user_3,Crime,Prisons Without Walls: We're All Inmates in the American Police State
U8766,user_1,Entertainment,Miley Cyrus And Patrick Schwarzenegger Reportedly Split
U7098,user_3,Crime,"Willie Manning, Mississippi Death Row Inmate, Denied DNA Test; Execution Set For Tuesday"
U2971,user_3,Crime,"'Ritual Killing' May Be Linked To Blue Moon, Police Say"
U0719,user_2,Education,How to Introduce Humor Into Your Wellness Program... and Your Approach to Life
U4857,user_3,Crime,5 Teens Charged In Attack On Girl At Brooklyn McDonald's
U1469,user_2,Education,A Choosy Mom on Choosing Schools
U0444,user_2,Education,Answering Eisenhower’s Call
U5717,user_2,Education,"Homeless Students, Destroyed Campuses, ‘Invisible Injuries’: What California Schools Learned From Recent Disasters"
U1879,user_2,Education,A Career Path for Every Great Teacher
U8091,user_2,Education,The Importance of Process in Achieving Results
U7344,user_1,Entertainment,Erykah Badu Majorly Disses Iggy Azalea At Soul Train Awards
U6270,user_2,Education,Tenure: Education's Friend or Foe?
U0374,user_3,Crime,Notorious Drug Smuggler To Be Released From Prison
U8624,user_1,Entertainment,See Wonder Woman And Lex Luthor In New 'Batman V Superman' Photos
U3513,user_2,Education,Donald Trump Says Our Schools Are 'Flush With Cash.' They’re Falling Apart!
U8916,user_1,Entertainment,Donald Trump Calls Kathy Griffin ‘Sick’ In Response To Controversial Image
U3777,user_3,Crime,Baileigh Karam Reunited With Parents Days After Video Of Fight Posted To Facebook
U9354,user_2,Education,Bystander Intervention and Double Standards of Sexual Assault During Hazing
U3657,user_1,Entertainment,Pussycat Dolls Founder Denies Claims Of Abuse By Former Member (UPDATE)
U1988,user_1,Entertainment,'Do You Want To Build A Meth Lab?'
U9056,user_2,Education,"Justice Dept. Drops Yale Admissions Suit Alleging Anti-Asian, White Discrimination"
U6660,user_1,Entertainment,Khloe Kardashian Is 'Inconsolable' After Ex Lamar Odom Is Found Unconscious
U1897,user_1,Entertainment,Kristen Bell And Idina Menzel Prove They'll Never 'Let It Go' With 'Frozen' Reunion
U9391,user_1,Entertainment,Impress Music Snobs by Discovering Indie Artist Allman Brown First
U4224,user_3,Crime,"Man Killed Stepmom While She Watched TV, Police Say"
U6532,user_1,Entertainment,This Netflix Tweet Hints That There's More 'Gilmore Girls' On The Way
U2882,user_2,Education,Children Forced To 'Deal With It' And Bundle Up As Classrooms Lose Heat
U0464,user_2,Education,Education Policies Worthy of the Name 'Reform'
U1105,user_3,Crime,Primary School Warns Parents To Stop Smoking Weed At Dropoff
U7451,user_3,Crime,Road Rage Video Shows Driver Crushing Veteran's Motorcycle With His Car
U6689,user_2,Education,Student Loses Hope After Too Much Testing (VIDEO)
U2877,user_3,Crime,Texas Mother Arrested For Allegedly Burning 2-Year-Old Daughter In Hot Oven
U3183,user_1,Entertainment,Michael B. Jordan Sets Fire To First 'Fahrenheit 451' Trailer
U5229,user_1,Entertainment,The First Real Clip From 'American Horror Story: Hotel' Is Nightmarish
U8951,user_1,Entertainment,Samuel L. Jackson Didn't Know He Was In A Feud With Donald Trump
U3269,user_2,Education,The Wisdom Of The New York Times Magazine's Special Issue On Race And Education
U8056,user_3,Crime,Search Underway After Woman Reportedly Jumps Off Carnival Cruise Ship
U5952,user_2,Education,Radically Flawed: The Truth About Vouchers
U6007,user_2,Education,Special Education Case At Supreme Court Could Prove Costly For Schools
U2517,user_2,Education,Racist Bullying Needs to Stop: We Cannot Become Desensitized to 10-Year-Olds Hanging Themselves
U2387,user_3,Crime,"Husband Jailed For Using Unsuspecting Wife As $700,000 Heroin Mule"
U8390,user_2,Education,The Way We Learn Today Is Just Wrong
U8235,user_1,Entertainment,Amy Schumer Rewrote Her 'Star Wars'-Themed GQ Cover And Now It's Perfect
U3996,user_2,Education,Signing Day For The Future Superstars Of Education
U6295,user_2,Education,Are Publicly Funded Charter Schools Accountable to Parents and Taxpayers? Apparently Not.
U7133,user_1,Entertainment,New ‘Roseanne’ Teaser Makes Fun Of The Show’s Original Ending
U2459,user_3,Crime,"Another Day, Another Death: A Mother Dies in Prison After Reporting Threats"
U5416,user_3,Crime,Decades Of Sexual Abuse At Elite Connecticut School Documented In Report
U2476,user_1,Entertainment,Mark Hamill & 'Star Wars': Luke Skywalker Actor On Episode 7
U7665,user_3,Crime,"Naked Drunk Driver Crashes Car While Having Sex At The Wheel, Police Say"
U1236,user_3,Crime,Shark Kills Teen Surfing With Family Off Western Australia's Coast
U8535,user_3,Crime,Video Shows El Paso Officer Fatally Shooting Prisoner
U4928,user_3,Crime,WATCH IT: Brawling Brothers Slam Car Into Police Cruiser
U3305,user_2,Education,Singing in the Snow: Storms Produce Strength
U8987,user_2,Education,No Child Left in Isolation
U2815,user_1,Entertainment,Couch Jump! Tom Cruise Joins Instagram
U6418,user_3,Crime,"California Man Charged In Security Guard Slaying Kills 3 More Before Capture, Cops Say"
U8121,user_3,Crime,You Can Help Rebuild A Mosque That Was Burned Down In America
U5263,user_1,Entertainment,Gwyneth Paltrow Attends 'Scream Queens' Premiere With Rumored Boyfriend Brad Falchuk
U8831,user_3,Crime,Georgia Governor Vetoes Private Probation Bill
U1493,user_2,Education,From Instructional Technologist to Educational Evangelist
U2455,user_3,Crime,Shooting Inside Packed Cincinnati Nightclub Kills One Person And Wounds 15
U0714,user_3,Crime,Parkland Suspect’s Brother Jailed On Probation Violation Charge
U6681,user_1,Entertainment,Gabby Douglas Is Utterly Unrecognizable On 'Undercover Boss'
U8028,user_1,Entertainment,7 Celebrity Couples Who Broke Up Before Getting Married
U7204,user_2,Education,Mr. MacPherson Circa 1982
U7097,user_2,Education,What Are Teachers Looking For When They Want To Leave Teaching?
U3014,user_1,Entertainment,Shannen Doherty Will Appear In The 'Heathers' Reboot We Can't Wait To See
U4362,user_2,Education,"On My First Friend, Kindergarten, And Diversity"
U2198,user_1,Entertainment,"'The Bachelor' Might Try To Increase Diversity, According To New ABC Chief"
U0814,user_3,Crime,Trayvon Martin 7-Eleven Surveillance Video Shows Slain Teen Shortly Before He Was Killed
U8472,user_3,Crime,Graphic Police Dash Cam Video Shows Fatal Shooting Of Unarmed Man
U1576,user_1,Entertainment,'Girls' Writer Jenni Konner Says Season 5 Was About 'Hannah Getting Her Groove Back'
U9541,user_1,Entertainment,Joan Rivers Honors Robin Williams In Resurfaced Interview
U1640,user_2,Education,To The Teachers Who Taught Beyond The Textbook
U1555,user_1,Entertainment,The Full Story Behind Michael Caine's Controversial Oscar Comments
U7556,user_3,Crime,Veterinary Board Seeks To Revoke License For Texas Vet Who Killed Cat With Arrow
U4202,user_1,Entertainment,Khloe Kardashian Flies Private To See James Harden For Chipotle Date
U4569,user_3,Crime,Marine's Pregnant Wife Disappears On Way To National Park
U6748,user_2,Education,Job Insecurity: The False Dilemma of Teacher Tenure
U0428,user_3,Crime,Oklahoma Tackles the Prescription Drug Abuse Epidemic
U7330,user_1,Entertainment,Kylie Jenner Is Celebrating Her 18th Birthday At A Beach Club In Canada
U2754,user_1,Entertainment,"As a True 'Joan Ranger,' This Is Why I Don't Want to See Kathy Griffin on 'Fashion Police'"
U1777,user_3,Crime,"Sheriff Says Florida Cop Shoved Pills Down Elderly Woman's Throat, Stole Her Dog"
U2967,user_1,Entertainment,2015 Oscar Nominations: What the Math Says
U2179,user_2,Education,Partisan Divide About College Reflects Our Dislike Of Each Other
U6041,user_3,Crime,"Orlando Gunman's Father Says Son Was Upset By Gay Kiss, Not Motivated By Religion"
U1606,user_2,Education,The Elementary Education Of Donald Trump
U3426,user_1,Entertainment,Charlize Theron Says Portraying Megyn Kelly Was 'Harder' Than Serial Killer Role
U5980,user_1,Entertainment,'Sense8' Revived For A 2-Hour Farewell Episode
